/*
 Navicat Premium Data Transfer

 Source Server         : localhost
 Source Server Type    : MySQL
 Source Server Version : 80027
 Source Host           : localhost:3306
 Source Schema         : ares

 Target Server Type    : MySQL
 Target Server Version : 80027
 File Encoding         : 65001

 Date: 21/02/2022 13:40:39
*/

SET NAMES utf8mb4;
SET
FOREIGN_KEY_CHECKS = 0;
-- ----------------------------
-- Table structure for gen_table_column
-- ----------------------------
DROP TABLE IF EXISTS `gen_table_column`;
CREATE TABLE `gen_table_column`
(
    `Id`             varchar(255) NOT NULL COMMENT '编号',
    `table_id`       varchar(64) CHARACTER SET utf8 COLLATE utf8_general_ci  DEFAULT NULL COMMENT '归属表编号',
    `column_name`    varchar(200) CHARACTER SET utf8 COLLATE utf8_general_ci DEFAULT NULL COMMENT '列名称',
    `column_comment` varchar(500) CHARACTER SET utf8 COLLATE utf8_general_ci DEFAULT NULL COMMENT '列描述',
    `column_type`    varchar(100) CHARACTER SET utf8 COLLATE utf8_general_ci DEFAULT NULL COMMENT '列类型',
    `java_type`      varchar(500) CHARACTER SET utf8 COLLATE utf8_general_ci DEFAULT NULL COMMENT 'JAVA类型',
    `java_field`     varchar(200) CHARACTER SET utf8 COLLATE utf8_general_ci DEFAULT NULL COMMENT 'JAVA字段名',
    `is_pk`          char(1) CHARACTER SET utf8 COLLATE utf8_general_ci      DEFAULT NULL COMMENT '是否主键（1是）',
    `is_increment`   char(1) CHARACTER SET utf8 COLLATE utf8_general_ci      DEFAULT NULL COMMENT '是否自增（1是）',
    `is_required`    char(1) CHARACTER SET utf8 COLLATE utf8_general_ci      DEFAULT NULL COMMENT '是否必填（1是）',
    `is_insert`      char(1) CHARACTER SET utf8 COLLATE utf8_general_ci      DEFAULT NULL COMMENT '是否为插入字段（1是）',
    `is_edit`        char(1) CHARACTER SET utf8 COLLATE utf8_general_ci      DEFAULT NULL COMMENT '是否编辑字段（1是）',
    `is_list`        char(1) CHARACTER SET utf8 COLLATE utf8_general_ci      DEFAULT NULL COMMENT '是否列表字段（1是）',
    `is_query`       char(1) CHARACTER SET utf8 COLLATE utf8_general_ci      DEFAULT NULL COMMENT '是否查询字段（1是）',
    `query_type`     varchar(200) CHARACTER SET utf8 COLLATE utf8_general_ci DEFAULT 'EQ' COMMENT '查询方式（等于、不等于、大于、小于、范围）',
    `html_type`      varchar(200) CHARACTER SET utf8 COLLATE utf8_general_ci DEFAULT NULL COMMENT '显示类型（文本框、文本域、下拉框、复选框、单选框、日期控件）',
    `dict_type`      varchar(200) CHARACTER SET utf8 COLLATE utf8_general_ci DEFAULT '' COMMENT '字典类型',
    `sort`           int                                                     DEFAULT NULL COMMENT '排序',
    `Creator`        varchar(64) CHARACTER SET utf8 COLLATE utf8_general_ci  DEFAULT '' COMMENT '创建者',
    `CreateTime`     datetime                                                DEFAULT NULL COMMENT '创建时间',
    `Modifier`       varchar(64) CHARACTER SET utf8 COLLATE utf8_general_ci  DEFAULT '' COMMENT '更新者',
    `ModifierTime`   datetime                                                DEFAULT NULL COMMENT '更新时间',
    PRIMARY KEY (`Id`) USING BTREE
) ENGINE=InnoDB DEFAULT CHARSET=utf8mb3 ROW_FORMAT=DYNAMIC COMMENT='代码生成业务表字段';

-- ----------------------------
-- Records of gen_table_column
-- ----------------------------

-- ----------------------------
-- Table structure for sys_deploy_form
-- ----------------------------
DROP TABLE IF EXISTS `sys_deploy_form`;
CREATE TABLE `sys_deploy_form` (
                                   `Id` varchar(255) COLLATE utf8mb4_general_ci NOT NULL COMMENT '主键',
                                   `FormId` varchar(255) COLLATE utf8mb4_general_ci DEFAULT NULL COMMENT '表单主键',
                                   `DeployId` varchar(255) CHARACTER SET utf8mb4 COLLATE utf8mb4_general_ci DEFAULT NULL COMMENT '流程实例主键',
                                   `CreateTime` datetime DEFAULT NULL COMMENT '创建时间',
                                   `ModifyTime` datetime DEFAULT NULL COMMENT '更新时间',
                                   `Creator` bigint DEFAULT NULL COMMENT '创建人员',
                                   `Modifier` bigint DEFAULT NULL COMMENT '更新人员',
                                   PRIMARY KEY (`Id`) USING BTREE
) ENGINE=InnoDB DEFAULT CHARSET=utf8mb4 COLLATE=utf8mb4_general_ci ROW_FORMAT=DYNAMIC COMMENT='流程实例关联表单';

-- ----------------------------
-- Records of sys_deploy_form
-- ----------------------------
BEGIN;
INSERT INTO `sys_deploy_form` (`Id`, `FormId`, `DeployId`, `CreateTime`, `ModifyTime`, `Creator`, `Modifier`) VALUES ('641514104015687680', NULL, 'a523e0fe-7445-11ec-9ec9-5ae1b8ff5244', '2022-01-13 07:54:51', NULL, NULL, NULL);
INSERT INTO `sys_deploy_form` (`Id`, `FormId`, `DeployId`, `CreateTime`, `ModifyTime`, `Creator`, `Modifier`) VALUES ('641514191148158976', NULL, 'a523e0fe-7445-11ec-9ec9-5ae1b8ff5244', '2022-01-13 07:55:12', NULL, NULL, NULL);
INSERT INTO `sys_deploy_form` (`Id`, `FormId`, `DeployId`, `CreateTime`, `ModifyTime`, `Creator`, `Modifier`) VALUES ('641514274337984512', NULL, 'a523e0fe-7445-11ec-9ec9-5ae1b8ff5244', '2022-01-13 07:55:32', NULL, NULL, NULL);
INSERT INTO `sys_deploy_form` (`Id`, `FormId`, `DeployId`, `CreateTime`, `ModifyTime`, `Creator`, `Modifier`) VALUES ('641514687720198144', '641479848434470912', 'a523e0fe-7445-11ec-9ec9-5ae1b8ff5244', '2022-01-13 07:57:11', NULL, NULL, NULL);
INSERT INTO `sys_deploy_form` (`Id`, `FormId`, `DeployId`, `CreateTime`, `ModifyTime`, `Creator`, `Modifier`) VALUES ('641847528916127744', '641841070338084864', 'd2141751-74fe-11ec-8fec-42a73ac0a6c5', '2022-01-14 05:59:46', NULL, NULL, NULL);
INSERT INTO `sys_deploy_form` (`Id`, `FormId`, `DeployId`, `CreateTime`, `ModifyTime`, `Creator`, `Modifier`) VALUES ('645415874186055680', '641841070338084864', 'f90278d0-7cbb-11ec-84d3-36b75d3ff501', '2022-01-24 02:19:06', NULL, NULL, NULL);
INSERT INTO `sys_deploy_form` (`Id`, `FormId`, `DeployId`, `CreateTime`, `ModifyTime`, `Creator`, `Modifier`) VALUES ('645417855164223488', '641841070338084864', '176b1708-7cbd-11ec-84d3-36b75d3ff501', '2022-01-24 02:26:58', NULL, NULL, NULL);
INSERT INTO `sys_deploy_form` (`Id`, `FormId`, `DeployId`, `CreateTime`, `ModifyTime`, `Creator`, `Modifier`) VALUES ('645418195544576000', '641841070338084864', '4785d946-7cbd-11ec-84d3-36b75d3ff501', '2022-01-24 02:28:19', NULL, NULL, NULL);
INSERT INTO `sys_deploy_form` (`Id`, `FormId`, `DeployId`, `CreateTime`, `ModifyTime`, `Creator`, `Modifier`) VALUES ('645418833678569472', '641841070338084864', 'a1d53411-7cbd-11ec-84d3-36b75d3ff501', '2022-01-24 02:30:51', NULL, NULL, NULL);
INSERT INTO `sys_deploy_form` (`Id`, `FormId`, `DeployId`, `CreateTime`, `ModifyTime`, `Creator`, `Modifier`) VALUES ('645430160283275264', '641841070338084864', 'ebd3b5f9-7cc3-11ec-a669-aaa88467d3df', '2022-01-24 03:15:52', NULL, NULL, NULL);
INSERT INTO `sys_deploy_form` (`Id`, `FormId`, `DeployId`, `CreateTime`, `ModifyTime`, `Creator`, `Modifier`) VALUES ('645431073672663040', '641841070338084864', '6e1f457f-7cc4-11ec-a669-aaa88467d3df', '2022-01-24 03:19:30', NULL, NULL, NULL);
INSERT INTO `sys_deploy_form` (`Id`, `FormId`, `DeployId`, `CreateTime`, `ModifyTime`, `Creator`, `Modifier`) VALUES ('645431843927232512', '641841070338084864', 'dc012783-7cc4-11ec-a669-aaa88467d3df', '2022-01-24 03:22:33', NULL, NULL, NULL);
INSERT INTO `sys_deploy_form` (`Id`, `FormId`, `DeployId`, `CreateTime`, `ModifyTime`, `Creator`, `Modifier`) VALUES ('645432029806202880', '641841070338084864', 'f6381f6b-7cc4-11ec-a669-aaa88467d3df', '2022-01-24 03:23:18', NULL, NULL, NULL);
INSERT INTO `sys_deploy_form` (`Id`, `FormId`, `DeployId`, `CreateTime`, `ModifyTime`, `Creator`, `Modifier`) VALUES ('645432659010523136', '641841070338084864', '440f0891-7cc5-11ec-a669-aaa88467d3df', '2022-01-24 03:25:48', NULL, NULL, NULL);
INSERT INTO `sys_deploy_form` (`Id`, `FormId`, `DeployId`, `CreateTime`, `ModifyTime`, `Creator`, `Modifier`) VALUES ('645509250965180416', '641841070338084864', 'd365bacb-7cef-11ec-83e2-423f4418465d', '2022-01-24 08:30:09', NULL, NULL, NULL);
INSERT INTO `sys_deploy_form` (`Id`, `FormId`, `DeployId`, `CreateTime`, `ModifyTime`, `Creator`, `Modifier`) VALUES ('646955169048825856', '641841070338084864', '7147567c-8012-11ec-a8cb-867ef1f24747', '2022-01-28 08:15:42', NULL, NULL, NULL);
INSERT INTO `sys_deploy_form` (`Id`, `FormId`, `DeployId`, `CreateTime`, `ModifyTime`, `Creator`, `Modifier`) VALUES ('646956983743811584', '641841070338084864', '78a2506d-8013-11ec-ba0e-1e8785e2a82a', '2022-01-28 08:22:55', NULL, NULL, NULL);
INSERT INTO `sys_deploy_form` (`Id`, `FormId`, `DeployId`, `CreateTime`, `ModifyTime`, `Creator`, `Modifier`) VALUES ('646958289334177792', '641841070338084864', '346a36f6-8014-11ec-ba0e-1e8785e2a82a', '2022-01-28 08:28:06', NULL, NULL, NULL);
INSERT INTO `sys_deploy_form` (`Id`, `FormId`, `DeployId`, `CreateTime`, `ModifyTime`, `Creator`, `Modifier`) VALUES ('646958363992788992', '641841070338084864', '3fb684aa-8014-11ec-ba0e-1e8785e2a82a', '2022-01-28 08:28:24', NULL, NULL, NULL);
INSERT INTO `sys_deploy_form` (`Id`, `FormId`, `DeployId`, `CreateTime`, `ModifyTime`, `Creator`, `Modifier`) VALUES ('765456862584901632', '641841070338084864', '1f76e3b1-8108-11ed-9b84-ce4fe10f37b9', '2022-12-21 08:19:08', NULL, NULL, NULL);
INSERT INTO `sys_deploy_form` (`Id`, `FormId`, `DeployId`, `CreateTime`, `ModifyTime`, `Creator`, `Modifier`) VALUES ('765782004552830976', '641841070338084864', '9e58127c-81bc-11ed-a8a2-ce4fe10f37b9', '2022-12-22 05:51:08', NULL, NULL, NULL);
INSERT INTO `sys_deploy_form` (`Id`, `FormId`, `DeployId`, `CreateTime`, `ModifyTime`, `Creator`, `Modifier`) VALUES ('765782313224245248', '641841070338084864', 'c72bbb9b-81bc-11ed-a8a2-ce4fe10f37b9', '2022-12-22 05:52:21', NULL, NULL, NULL);
INSERT INTO `sys_deploy_form` (`Id`, `FormId`, `DeployId`, `CreateTime`, `ModifyTime`, `Creator`, `Modifier`) VALUES ('765801316168634368', '641841070338084864', '4b36f00d-81c7-11ed-9b2e-e6f73822ffd4', '2022-12-22 07:07:52', NULL, NULL, NULL);
INSERT INTO `sys_deploy_form` (`Id`, `FormId`, `DeployId`, `CreateTime`, `ModifyTime`, `Creator`, `Modifier`) VALUES ('765811782559338496', '641841070338084864', '2462164d-81cd-11ed-9cb3-e6f73822ffd4', '2022-12-22 07:49:27', NULL, NULL, NULL);
INSERT INTO `sys_deploy_form` (`Id`, `FormId`, `DeployId`, `CreateTime`, `ModifyTime`, `Creator`, `Modifier`) VALUES ('765813732860366848', '641841070338084864', '3220311a-81ce-11ed-9cb3-e6f73822ffd4', '2022-12-22 07:57:12', NULL, NULL, NULL);
INSERT INTO `sys_deploy_form` (`Id`, `FormId`, `DeployId`, `CreateTime`, `ModifyTime`, `Creator`, `Modifier`) VALUES ('765814194573545472', '641841070338084864', '7c8720d4-81ce-11ed-9cb3-e6f73822ffd4', '2022-12-22 07:59:02', NULL, NULL, NULL);
INSERT INTO `sys_deploy_form` (`Id`, `FormId`, `DeployId`, `CreateTime`, `ModifyTime`, `Creator`, `Modifier`) VALUES ('765814583830122496', '641841070338084864', 'b2a50a86-81ce-11ed-9cb3-e6f73822ffd4', '2022-12-22 08:00:35', NULL, NULL, NULL);
INSERT INTO `sys_deploy_form` (`Id`, `FormId`, `DeployId`, `CreateTime`, `ModifyTime`, `Creator`, `Modifier`) VALUES ('788605834040053760', '641841070338084864', '623356da-b33a-11ed-b511-ce4fe10f37b8', '2023-02-23 05:24:53', NULL, NULL, NULL);
INSERT INTO `sys_deploy_form` (`Id`, `FormId`, `DeployId`, `CreateTime`, `ModifyTime`, `Creator`, `Modifier`) VALUES ('788606198445379584', '641841070338084864', '9744ffb8-b33a-11ed-b511-ce4fe10f37b8', '2023-02-23 05:26:20', NULL, NULL, NULL);
INSERT INTO `sys_deploy_form` (`Id`, `FormId`, `DeployId`, `CreateTime`, `ModifyTime`, `Creator`, `Modifier`) VALUES ('788611159224881152', '641841070338084864', '565cc28e-b33d-11ed-b511-ce4fe10f37b8', '2023-02-23 05:46:02', NULL, NULL, NULL);
INSERT INTO `sys_deploy_form` (`Id`, `FormId`, `DeployId`, `CreateTime`, `ModifyTime`, `Creator`, `Modifier`) VALUES ('788612478518038528', '641841070338084864', '1463ea8c-b33e-11ed-b511-ce4fe10f37b8', '2023-02-23 05:51:17', NULL, NULL, NULL);
INSERT INTO `sys_deploy_form` (`Id`, `FormId`, `DeployId`, `CreateTime`, `ModifyTime`, `Creator`, `Modifier`) VALUES ('788613434668355584', '641841070338084864', '987c4ac0-b33e-11ed-b511-ce4fe10f37b8', '2023-02-23 05:55:05', NULL, NULL, NULL);
COMMIT;

-- ----------------------------
-- Table structure for sys_dept
-- ----------------------------
DROP TABLE IF EXISTS `sys_dept`;
CREATE TABLE `sys_dept` (
                            `Id` varchar(255) CHARACTER SET utf8 COLLATE utf8_general_ci NOT NULL,
                            `Code` varchar(255) CHARACTER SET utf8 COLLATE utf8_general_ci DEFAULT NULL,
                            `DeptName` varchar(255) CHARACTER SET utf8 COLLATE utf8_general_ci DEFAULT NULL,
                            `ParentDeptId` varchar(255) CHARACTER SET utf8 COLLATE utf8_general_ci DEFAULT NULL,
                            `Creator` varchar(255) CHARACTER SET utf8 COLLATE utf8_general_ci DEFAULT NULL,
                            `CreateTime` datetime DEFAULT NULL,
                            `Modifier` varchar(255) CHARACTER SET utf8 COLLATE utf8_general_ci DEFAULT NULL,
                            `ModifyTime` datetime DEFAULT NULL,
                            PRIMARY KEY (`Id`) USING BTREE
) ENGINE=InnoDB DEFAULT CHARSET=utf8mb3 ROW_FORMAT=DYNAMIC;

-- ----------------------------
-- Records of sys_dept
-- ----------------------------
BEGIN;
INSERT INTO `sys_dept` (`Id`, `Code`, `DeptName`, `ParentDeptId`, `Creator`, `CreateTime`, `Modifier`, `ModifyTime`) VALUES ('1', '00000000', '总部', '0', NULL, NULL, NULL, NULL);
INSERT INTO `sys_dept` (`Id`, `Code`, `DeptName`, `ParentDeptId`, `Creator`, `CreateTime`, `Modifier`, `ModifyTime`) VALUES ('476951546261803008', '00000011', '财务部', '1', '1', '2020-10-16 05:22:00', NULL, NULL);
INSERT INTO `sys_dept` (`Id`, `Code`, `DeptName`, `ParentDeptId`, `Creator`, `CreateTime`, `Modifier`, `ModifyTime`) VALUES ('476955797205684224', '00000001', '行政部', '1', '1', '2020-10-16 05:38:54', NULL, NULL);
INSERT INTO `sys_dept` (`Id`, `Code`, `DeptName`, `ParentDeptId`, `Creator`, `CreateTime`, `Modifier`, `ModifyTime`) VALUES ('476955894287044608', '00000002', '管理层', '1', '1', '2020-10-16 05:39:17', NULL, NULL);
INSERT INTO `sys_dept` (`Id`, `Code`, `DeptName`, `ParentDeptId`, `Creator`, `CreateTime`, `Modifier`, `ModifyTime`) VALUES ('476960080894496768', '11111', '部门1', '1', '1', '2020-10-16 05:55:55', NULL, NULL);
INSERT INTO `sys_dept` (`Id`, `Code`, `DeptName`, `ParentDeptId`, `Creator`, `CreateTime`, `Modifier`, `ModifyTime`) VALUES ('476960119641477120', '11112', '部门2', '476960080894496768', '1', '2020-10-16 05:56:04', NULL, NULL);
INSERT INTO `sys_dept` (`Id`, `Code`, `DeptName`, `ParentDeptId`, `Creator`, `CreateTime`, `Modifier`, `ModifyTime`) VALUES ('476960168698056704', '11113', '部门3', '476960119641477120', '1', '2020-10-16 05:56:16', NULL, NULL);
INSERT INTO `sys_dept` (`Id`, `Code`, `DeptName`, `ParentDeptId`, `Creator`, `CreateTime`, `Modifier`, `ModifyTime`) VALUES ('476960216085303296', '11114', '部门4', '476960080894496768', '1', '2020-10-16 05:56:27', NULL, NULL);
COMMIT;

-- ----------------------------
-- Table structure for sys_dict_data
-- ----------------------------
DROP TABLE IF EXISTS `sys_dict_data`;
CREATE TABLE `sys_dict_data` (
                                 `Id` varchar(100) CHARACTER SET utf8 COLLATE utf8_general_ci NOT NULL COMMENT '字典编码',
                                 `DictSort` int DEFAULT '0' COMMENT '字典排序',
                                 `DictLabel` varchar(100) CHARACTER SET utf8 COLLATE utf8_general_ci DEFAULT '' COMMENT '字典标签',
                                 `DictValue` varchar(100) CHARACTER SET utf8 COLLATE utf8_general_ci DEFAULT '' COMMENT '字典键值',
                                 `DictType` varchar(100) CHARACTER SET utf8 COLLATE utf8_general_ci DEFAULT '' COMMENT '字典类型',
                                 `Status` char(1) CHARACTER SET utf8 COLLATE utf8_general_ci DEFAULT '0' COMMENT '状态（0正常 1停用）',
                                 `Creator` varchar(64) CHARACTER SET utf8 COLLATE utf8_general_ci DEFAULT '' COMMENT '创建者',
                                 `CreateTime` datetime DEFAULT NULL COMMENT '创建时间',
                                 `Modifier` varchar(64) CHARACTER SET utf8 COLLATE utf8_general_ci DEFAULT '' COMMENT '更新者',
                                 `ModifyTime` datetime DEFAULT NULL COMMENT '更新时间',
                                 `Remark` varchar(500) CHARACTER SET utf8 COLLATE utf8_general_ci DEFAULT NULL COMMENT '备注'
) ENGINE=InnoDB DEFAULT CHARSET=utf8mb3 ROW_FORMAT=DYNAMIC COMMENT='字典数据表';

-- ----------------------------
-- Records of sys_dict_data
-- ----------------------------
BEGIN;
INSERT INTO `sys_dict_data` (`Id`, `DictSort`, `DictLabel`, `DictValue`, `DictType`, `Status`, `Creator`, `CreateTime`, `Modifier`, `ModifyTime`, `Remark`) VALUES ('468626357786644480', 1, '正常', '0', 'sys_normal_status', '0', NULL, '2020-09-23 06:00:41', NULL, '2020-09-23 06:04:59', NULL);
INSERT INTO `sys_dict_data` (`Id`, `DictSort`, `DictLabel`, `DictValue`, `DictType`, `Status`, `Creator`, `CreateTime`, `Modifier`, `ModifyTime`, `Remark`) VALUES ('468626403605221376', 2, '停用', '1', 'sys_normal_status', '0', NULL, '2020-09-23 06:00:52', NULL, NULL, NULL);
INSERT INTO `sys_dict_data` (`Id`, `DictSort`, `DictLabel`, `DictValue`, `DictType`, `Status`, `Creator`, `CreateTime`, `Modifier`, `ModifyTime`, `Remark`) VALUES ('468629725150056448', 1, '默认组', 'DEFAULT', 'sys_job_group', '0', NULL, '2020-09-23 06:14:03', NULL, NULL, NULL);
INSERT INTO `sys_dict_data` (`Id`, `DictSort`, `DictLabel`, `DictValue`, `DictType`, `Status`, `Creator`, `CreateTime`, `Modifier`, `ModifyTime`, `Remark`) VALUES ('468629765184688128', 2, '系统组', 'SYSTEM', 'sys_job_group', '0', NULL, '2020-09-23 06:14:13', NULL, NULL, NULL);
INSERT INTO `sys_dict_data` (`Id`, `DictSort`, `DictLabel`, `DictValue`, `DictType`, `Status`, `Creator`, `CreateTime`, `Modifier`, `ModifyTime`, `Remark`) VALUES ('468630476949688320', 1, '通知', '1', 'sys_notice_type', '0', NULL, '2020-09-23 06:17:03', NULL, NULL, NULL);
INSERT INTO `sys_dict_data` (`Id`, `DictSort`, `DictLabel`, `DictValue`, `DictType`, `Status`, `Creator`, `CreateTime`, `Modifier`, `ModifyTime`, `Remark`) VALUES ('468630500794306560', 2, '公告', '2', 'sys_notice_type', '0', NULL, '2020-09-23 06:17:08', NULL, NULL, NULL);
INSERT INTO `sys_dict_data` (`Id`, `DictSort`, `DictLabel`, `DictValue`, `DictType`, `Status`, `Creator`, `CreateTime`, `Modifier`, `ModifyTime`, `Remark`) VALUES ('468630734467371008', 1, '正常', '0', 'sys_notice_status', '0', NULL, '2020-09-23 06:18:04', NULL, '2020-09-23 06:20:17', NULL);
INSERT INTO `sys_dict_data` (`Id`, `DictSort`, `DictLabel`, `DictValue`, `DictType`, `Status`, `Creator`, `CreateTime`, `Modifier`, `ModifyTime`, `Remark`) VALUES ('468630768239906816', 2, '关闭', '1', 'sys_notice_status', '0', NULL, '2020-09-23 06:18:12', NULL, '2020-09-23 06:20:20', NULL);
INSERT INTO `sys_dict_data` (`Id`, `DictSort`, `DictLabel`, `DictValue`, `DictType`, `Status`, `Creator`, `CreateTime`, `Modifier`, `ModifyTime`, `Remark`) VALUES ('639312699347570688', 1, '已发布', '1', 'article_status', '0', '1', '2022-01-07 06:07:16', NULL, NULL, NULL);
INSERT INTO `sys_dict_data` (`Id`, `DictSort`, `DictLabel`, `DictValue`, `DictType`, `Status`, `Creator`, `CreateTime`, `Modifier`, `ModifyTime`, `Remark`) VALUES ('639312737830309888', 2, '未发布', '2', 'article_status', '0', '1', '2022-01-07 06:07:25', NULL, NULL, NULL);
INSERT INTO `sys_dict_data` (`Id`, `DictSort`, `DictLabel`, `DictValue`, `DictType`, `Status`, `Creator`, `CreateTime`, `Modifier`, `ModifyTime`, `Remark`) VALUES ('639328019940511744', 1, '系统更新', '1', 'article_types', '0', '1', '2022-01-07 07:08:08', '1', '2022-01-07 07:08:37', NULL);
INSERT INTO `sys_dict_data` (`Id`, `DictSort`, `DictLabel`, `DictValue`, `DictType`, `Status`, `Creator`, `CreateTime`, `Modifier`, `ModifyTime`, `Remark`) VALUES ('639328072495140864', 2, '科技', '2', 'article_types', '0', '1', '2022-01-07 07:08:21', '1', '2022-01-07 07:08:42', NULL);
INSERT INTO `sys_dict_data` (`Id`, `DictSort`, `DictLabel`, `DictValue`, `DictType`, `Status`, `Creator`, `CreateTime`, `Modifier`, `ModifyTime`, `Remark`) VALUES ('639328117302890496', 3, '人文', '3', 'article_types', '0', '1', '2022-01-07 07:08:32', '1', '2022-01-07 07:08:47', NULL);
INSERT INTO `sys_dict_data` (`Id`, `DictSort`, `DictLabel`, `DictValue`, `DictType`, `Status`, `Creator`, `CreateTime`, `Modifier`, `ModifyTime`, `Remark`) VALUES ('640430712922705920', 1, 'POST', 'POST', 'sys_log_method', '0', '1', '2022-01-10 08:09:51', NULL, NULL, NULL);
INSERT INTO `sys_dict_data` (`Id`, `DictSort`, `DictLabel`, `DictValue`, `DictType`, `Status`, `Creator`, `CreateTime`, `Modifier`, `ModifyTime`, `Remark`) VALUES ('640430746007375872', 2, 'GET', 'GET', 'sys_log_method', '0', '1', '2022-01-10 08:09:59', NULL, NULL, NULL);
INSERT INTO `sys_dict_data` (`Id`, `DictSort`, `DictLabel`, `DictValue`, `DictType`, `Status`, `Creator`, `CreateTime`, `Modifier`, `ModifyTime`, `Remark`) VALUES ('640430799304396800', 2, 'DELETE', 'DELETE', 'sys_log_method', '0', '1', '2022-01-10 08:10:11', NULL, NULL, NULL);
INSERT INTO `sys_dict_data` (`Id`, `DictSort`, `DictLabel`, `DictValue`, `DictType`, `Status`, `Creator`, `CreateTime`, `Modifier`, `ModifyTime`, `Remark`) VALUES ('640430832334540800', 4, 'PUT', 'PUT', 'sys_log_method', '0', '1', '2022-01-10 08:10:19', NULL, NULL, NULL);
INSERT INTO `sys_dict_data` (`Id`, `DictSort`, `DictLabel`, `DictValue`, `DictType`, `Status`, `Creator`, `CreateTime`, `Modifier`, `ModifyTime`, `Remark`) VALUES ('641510988235018240', 1, 'OA', '1', 'sys_process_category', '0', '1', '2022-01-13 07:42:29', NULL, NULL, NULL);
INSERT INTO `sys_dict_data` (`Id`, `DictSort`, `DictLabel`, `DictValue`, `DictType`, `Status`, `Creator`, `CreateTime`, `Modifier`, `ModifyTime`, `Remark`) VALUES ('647601164979933184', 2, '分类1', '2', 'sys_process_category', '0', '1', '2022-01-30 03:02:40', NULL, NULL, NULL);
INSERT INTO `sys_dict_data` (`Id`, `DictSort`, `DictLabel`, `DictValue`, `DictType`, `Status`, `Creator`, `CreateTime`, `Modifier`, `ModifyTime`, `Remark`) VALUES ('647601203194236928', 3, '分类2', '3', 'sys_process_category', '0', '1', '2022-01-30 03:02:49', '1', '2022-01-30 03:03:13', NULL);
COMMIT;

-- ----------------------------
-- Table structure for sys_dict_type
-- ----------------------------
DROP TABLE IF EXISTS `sys_dict_type`;
CREATE TABLE `sys_dict_type` (
                                 `Id` varchar(100) CHARACTER SET utf8 COLLATE utf8_general_ci NOT NULL COMMENT '字典主键',
                                 `DictName` varchar(100) CHARACTER SET utf8 COLLATE utf8_general_ci DEFAULT '' COMMENT '字典名称',
                                 `DictType` varchar(100) CHARACTER SET utf8 COLLATE utf8_general_ci DEFAULT '' COMMENT '字典类型',
                                 `Status` char(1) CHARACTER SET utf8 COLLATE utf8_general_ci DEFAULT '0' COMMENT '状态（0正常 1停用）',
                                 `Creator` varchar(64) CHARACTER SET utf8 COLLATE utf8_general_ci DEFAULT '' COMMENT '创建者',
                                 `CreateTime` datetime DEFAULT NULL COMMENT '创建时间',
                                 `Modifier` varchar(64) CHARACTER SET utf8 COLLATE utf8_general_ci DEFAULT '' COMMENT '更新者',
                                 `ModifyTime` datetime DEFAULT NULL COMMENT '更新时间',
                                 `Remark` varchar(500) CHARACTER SET utf8 COLLATE utf8_general_ci DEFAULT NULL COMMENT '备注',
                                 UNIQUE KEY `DictType` (`DictType`) USING BTREE
) ENGINE=InnoDB DEFAULT CHARSET=utf8mb3 ROW_FORMAT=DYNAMIC COMMENT='字典类型表';

-- ----------------------------
-- Records of sys_dict_type
-- ----------------------------
BEGIN;
INSERT INTO `sys_dict_type` (`Id`, `DictName`, `DictType`, `Status`, `Creator`, `CreateTime`, `Modifier`, `ModifyTime`, `Remark`) VALUES ('468620096143757312', '状态', 'sys_normal_status', '0', NULL, '2020-09-23 05:35:48', NULL, NULL, NULL);
INSERT INTO `sys_dict_type` (`Id`, `DictName`, `DictType`, `Status`, `Creator`, `CreateTime`, `Modifier`, `ModifyTime`, `Remark`) VALUES ('468629672448626688', '任务组', 'sys_job_group', '0', NULL, '2020-09-23 06:13:51', NULL, NULL, NULL);
INSERT INTO `sys_dict_type` (`Id`, `DictName`, `DictType`, `Status`, `Creator`, `CreateTime`, `Modifier`, `ModifyTime`, `Remark`) VALUES ('468630402366574592', '公告分类', 'sys_notice_type', '0', NULL, '2020-09-23 06:16:45', NULL, NULL, NULL);
INSERT INTO `sys_dict_type` (`Id`, `DictName`, `DictType`, `Status`, `Creator`, `CreateTime`, `Modifier`, `ModifyTime`, `Remark`) VALUES ('468630689772867584', '公告状态', 'sys_notice_status', '0', NULL, '2020-09-23 06:17:53', NULL, NULL, NULL);
INSERT INTO `sys_dict_type` (`Id`, `DictName`, `DictType`, `Status`, `Creator`, `CreateTime`, `Modifier`, `ModifyTime`, `Remark`) VALUES ('639312551825510400', '文章状态', 'article_status', '0', '1', '2022-01-07 06:06:40', NULL, NULL, NULL);
INSERT INTO `sys_dict_type` (`Id`, `DictName`, `DictType`, `Status`, `Creator`, `CreateTime`, `Modifier`, `ModifyTime`, `Remark`) VALUES ('639327899433963520', '文章类别', 'article_types', '0', '1', '2022-01-07 07:07:40', NULL, NULL, NULL);
INSERT INTO `sys_dict_type` (`Id`, `DictName`, `DictType`, `Status`, `Creator`, `CreateTime`, `Modifier`, `ModifyTime`, `Remark`) VALUES ('640430636523458560', '请求方法', 'sys_log_method', '0', '1', '2022-01-10 08:09:33', NULL, NULL, NULL);
INSERT INTO `sys_dict_type` (`Id`, `DictName`, `DictType`, `Status`, `Creator`, `CreateTime`, `Modifier`, `ModifyTime`, `Remark`) VALUES ('641510911982571520', '流程分类', 'sys_process_category', '0', '1', '2022-01-13 07:42:10', NULL, NULL, NULL);
COMMIT;

-- ----------------------------
-- Table structure for sys_form
-- ----------------------------
DROP TABLE IF EXISTS `sys_form`;
CREATE TABLE `sys_form` (
                            `Id` varchar(255) COLLATE utf8mb4_general_ci NOT NULL COMMENT '表单主键',
                            `FormName` varchar(255) CHARACTER SET utf8mb4 COLLATE utf8mb4_general_ci DEFAULT NULL COMMENT '表单名称',
                            `FormContent` longtext CHARACTER SET utf8mb4 COLLATE utf8mb4_general_ci COMMENT '表单内容',
                            `CreateTime` datetime DEFAULT NULL COMMENT '创建时间',
                            `ModifyTime` datetime DEFAULT NULL COMMENT '更新时间',
                            `Creator` bigint DEFAULT NULL COMMENT '创建人员',
                            `Modifier` bigint DEFAULT NULL COMMENT '更新人员',
                            `Remark` varchar(255) CHARACTER SET utf8mb4 COLLATE utf8mb4_general_ci DEFAULT NULL COMMENT '备注',
                            PRIMARY KEY (`Id`) USING BTREE
) ENGINE=InnoDB DEFAULT CHARSET=utf8mb4 COLLATE=utf8mb4_general_ci ROW_FORMAT=DYNAMIC COMMENT='流程表单';

-- ----------------------------
-- Records of sys_form
-- ----------------------------
BEGIN;
INSERT INTO `sys_form` (`Id`, `FormName`, `FormContent`, `CreateTime`, `ModifyTime`, `Creator`, `Modifier`, `Remark`) VALUES ('641841070338084864', '请假', '{\"fields\":[{\"__config__\":{\"label\":\"请假时间\",\"tag\":\"el-date-picker\",\"tagIcon\":\"date-range\",\"defaultValue\":null,\"span\":24,\"showLabel\":true,\"labelWidth\":null,\"required\":true,\"layout\":\"colFormItem\",\"regList\":[],\"changeTag\":true,\"document\":\"https://element.eleme.cn/#/zh-CN/component/date-picker\",\"formId\":101,\"renderKey\":\"1011642138808994\"},\"style\":{\"width\":\"100%\"},\"type\":\"daterange\",\"range-separator\":\"至\",\"start-placeholder\":\"开始日期\",\"end-placeholder\":\"结束日期\",\"disabled\":false,\"clearable\":true,\"format\":\"yyyy-MM-dd\",\"value-format\":\"yyyy-MM-dd\",\"readonly\":false,\"__vModel__\":\"leavetime\"},{\"__config__\":{\"label\":\"请假类型\",\"showLabel\":true,\"labelWidth\":null,\"tag\":\"el-select\",\"tagIcon\":\"select\",\"layout\":\"colFormItem\",\"span\":24,\"required\":true,\"regList\":[],\"changeTag\":true,\"document\":\"https://element.eleme.cn/#/zh-CN/component/select\",\"formId\":102,\"renderKey\":\"1021642138784910\"},\"__slot__\":{\"options\":[{\"label\":\"年假\",\"value\":1},{\"label\":\"调休\",\"value\":2}]},\"placeholder\":\"选择请假类型\",\"style\":{\"width\":\"100%\"},\"clearable\":true,\"disabled\":false,\"filterable\":false,\"multiple\":false,\"__vModel__\":\"leavetype\"},{\"__config__\":{\"label\":\"请假事由\",\"labelWidth\":null,\"showLabel\":true,\"tag\":\"el-input\",\"tagIcon\":\"textarea\",\"required\":true,\"layout\":\"colFormItem\",\"span\":24,\"regList\":[],\"changeTag\":true,\"document\":\"https://element.eleme.cn/#/zh-CN/component/input\",\"formId\":101,\"renderKey\":\"1011642138726087\"},\"type\":\"textarea\",\"placeholder\":\"请输入请假事由\",\"autosize\":{\"minRows\":4,\"maxRows\":4},\"style\":{\"width\":\"100%\"},\"maxlength\":null,\"show-word-limit\":false,\"readonly\":false,\"disabled\":false,\"__vModel__\":\"leavereason\"}],\"formRef\":\"leave\",\"formModel\":\"leaveForm\",\"size\":\"medium\",\"labelPosition\":\"right\",\"labelWidth\":100,\"formRules\":\"rules\",\"gutter\":15,\"disabled\":false,\"span\":24,\"formBtns\":true}', '2022-01-14 05:34:06', '2022-01-24 06:08:46', 1, 1, NULL);
COMMIT;

-- ----------------------------
-- Table structure for sys_form_data
-- ----------------------------
DROP TABLE IF EXISTS `sys_form_data`;
CREATE TABLE `sys_form_data` (
                                 `Id` varchar(255) DEFAULT NULL,
                                 `ProInstId` varchar(255) DEFAULT NULL,
                                 `FormData` longtext,
                                 `Creator` varchar(255) DEFAULT NULL,
                                 `CreateTime` datetime DEFAULT NULL,
                                 `Modifier` varchar(255) DEFAULT NULL,
                                 `ModifyTime` datetime DEFAULT NULL
) ENGINE=InnoDB DEFAULT CHARSET=utf8mb4 COLLATE=utf8mb4_0900_ai_ci COMMENT='表单数据';

-- ----------------------------
-- Records of sys_form_data
-- ----------------------------
BEGIN;
INSERT INTO `sys_form_data` (`Id`, `ProInstId`, `FormData`, `Creator`, `CreateTime`, `Modifier`, `ModifyTime`) VALUES ('645466105011376128', 'process_qxfn0qsq:11:44243e44-7cc5-11ec-a669-aaa88467d3df', '{\"field101\":\"111\",\"field102\":1,\"variables\":{\"formRef\":\"leave\",\"gutter\":15,\"size\":\"medium\",\"formRules\":\"rules\",\"labelPosition\":\"right\",\"formBtns\":false,\"labelWidth\":100,\"disabled\":true,\"formModel\":\"leaveForm\",\"fields\":[{\"clearable\":true,\"__config__\":{\"formId\":101,\"defaultValue\":[\"2022-01-25\",\"2022-01-28\"],\"document\":\"https://element.eleme.cn/#/zh-CN/component/date-picker\",\"labelWidth\":null,\"label\":\"请加时间\",\"showLabel\":true,\"required\":true,\"renderKey\":\"1011642138808994\",\"layout\":\"colFormItem\",\"tagIcon\":\"date-range\",\"changeTag\":true,\"tag\":\"el-date-picker\",\"regList\":[{\"required\":true,\"message\":\"请加时间不能为空\",\"trigger\":\"change\"}],\"span\":24},\"range-separator\":\"至\",\"readonly\":false,\"start-placeholder\":\"开始日期\",\"format\":\"yyyy-MM-dd\",\"value-format\":\"yyyy-MM-dd\",\"__vModel__\":\"field101\",\"style\":{\"width\":\"100%\"},\"disabled\":false,\"type\":\"daterange\",\"end-placeholder\":\"结束日期\"},{\"filterable\":false,\"clearable\":true,\"__config__\":{\"formId\":102,\"document\":\"https://element.eleme.cn/#/zh-CN/component/select\",\"labelWidth\":null,\"label\":\"请假类型\",\"showLabel\":true,\"required\":true,\"renderKey\":\"1021642138784910\",\"layout\":\"colFormItem\",\"tagIcon\":\"select\",\"changeTag\":true,\"tag\":\"el-select\",\"regList\":[{\"required\":true,\"message\":\"选择请请假类型请假类型\",\"trigger\":\"change\"}],\"span\":24,\"defaultValue\":1},\"multiple\":false,\"__vModel__\":\"field102\",\"style\":{\"width\":\"100%\"},\"disabled\":false,\"placeholder\":\"选择请请假类型请假类型\",\"__slot__\":{\"options\":[{\"label\":\"年假\",\"value\":1},{\"label\":\"调休\",\"value\":2}]}},{\"__config__\":{\"formId\":101,\"document\":\"https://element.eleme.cn/#/zh-CN/component/input\",\"labelWidth\":null,\"label\":\"请假事由\",\"showLabel\":true,\"required\":true,\"renderKey\":\"1011642138726087\",\"layout\":\"colFormItem\",\"tagIcon\":\"textarea\",\"changeTag\":true,\"tag\":\"el-input\",\"regList\":[{\"required\":true,\"message\":\"请输入请假事由\",\"trigger\":\"blur\"}],\"span\":24,\"defaultValue\":\"111\"},\"readonly\":false,\"maxlength\":null,\"__vModel__\":\"field101\",\"style\":{\"width\":\"100%\"},\"disabled\":false,\"placeholder\":\"请输入请假事由\",\"show-word-limit\":false,\"type\":\"textarea\",\"autosize\":{\"minRows\":4,\"maxRows\":4}}],\"span\":24}}', '1', '2022-01-24 05:38:42', NULL, NULL);
INSERT INTO `sys_form_data` (`Id`, `ProInstId`, `FormData`, `Creator`, `CreateTime`, `Modifier`, `ModifyTime`) VALUES ('645468661825540096', '4eb90b54-7cd9-11ec-9967-da2217185808', '{\"field101\":\"111\",\"field102\":1,\"variables\":{\"formRef\":\"leave\",\"gutter\":15,\"size\":\"medium\",\"formRules\":\"rules\",\"labelPosition\":\"right\",\"formBtns\":false,\"labelWidth\":100,\"disabled\":true,\"formModel\":\"leaveForm\",\"fields\":[{\"clearable\":true,\"__config__\":{\"formId\":101,\"defaultValue\":[\"2022-01-25\",\"2022-01-28\"],\"document\":\"https://element.eleme.cn/#/zh-CN/component/date-picker\",\"labelWidth\":null,\"label\":\"请加时间\",\"showLabel\":true,\"required\":true,\"renderKey\":\"1011642138808994\",\"layout\":\"colFormItem\",\"tagIcon\":\"date-range\",\"changeTag\":true,\"tag\":\"el-date-picker\",\"regList\":[{\"required\":true,\"message\":\"请加时间不能为空\",\"trigger\":\"change\"}],\"span\":24},\"range-separator\":\"至\",\"readonly\":false,\"start-placeholder\":\"开始日期\",\"format\":\"yyyy-MM-dd\",\"value-format\":\"yyyy-MM-dd\",\"__vModel__\":\"field101\",\"style\":{\"width\":\"100%\"},\"disabled\":false,\"type\":\"daterange\",\"end-placeholder\":\"结束日期\"},{\"filterable\":false,\"clearable\":true,\"__config__\":{\"formId\":102,\"document\":\"https://element.eleme.cn/#/zh-CN/component/select\",\"labelWidth\":null,\"label\":\"请假类型\",\"showLabel\":true,\"required\":true,\"renderKey\":\"1021642138784910\",\"layout\":\"colFormItem\",\"tagIcon\":\"select\",\"changeTag\":true,\"tag\":\"el-select\",\"regList\":[{\"required\":true,\"message\":\"选择请请假类型请假类型\",\"trigger\":\"change\"}],\"span\":24,\"defaultValue\":1},\"multiple\":false,\"__vModel__\":\"field102\",\"style\":{\"width\":\"100%\"},\"disabled\":false,\"placeholder\":\"选择请请假类型请假类型\",\"__slot__\":{\"options\":[{\"label\":\"年假\",\"value\":1},{\"label\":\"调休\",\"value\":2}]}},{\"__config__\":{\"formId\":101,\"document\":\"https://element.eleme.cn/#/zh-CN/component/input\",\"labelWidth\":null,\"label\":\"请假事由\",\"showLabel\":true,\"required\":true,\"renderKey\":\"1011642138726087\",\"layout\":\"colFormItem\",\"tagIcon\":\"textarea\",\"changeTag\":true,\"tag\":\"el-input\",\"regList\":[{\"required\":true,\"message\":\"请输入请假事由\",\"trigger\":\"blur\"}],\"span\":24,\"defaultValue\":\"111\"},\"readonly\":false,\"maxlength\":null,\"__vModel__\":\"field101\",\"style\":{\"width\":\"100%\"},\"disabled\":false,\"placeholder\":\"请输入请假事由\",\"show-word-limit\":false,\"type\":\"textarea\",\"autosize\":{\"minRows\":4,\"maxRows\":4}}],\"span\":24},\"INITIATOR\":\"\"}', '1', '2022-01-24 05:48:51', NULL, NULL);
INSERT INTO `sys_form_data` (`Id`, `ProInstId`, `FormData`, `Creator`, `CreateTime`, `Modifier`, `ModifyTime`) VALUES ('645472114056499200', '39518b14-7cdb-11ec-9967-da2217185808', '{\"leavetime\":[\"2022-01-25\",\"2022-01-28\"],\"leavetype\":1,\"leavereason\":\"1111\",\"variables\":{\"formRef\":\"leave\",\"gutter\":15,\"size\":\"medium\",\"formRules\":\"rules\",\"labelPosition\":\"right\",\"formBtns\":false,\"labelWidth\":100,\"disabled\":true,\"formModel\":\"leaveForm\",\"fields\":[{\"clearable\":true,\"__config__\":{\"formId\":101,\"defaultValue\":[\"2022-01-25\",\"2022-01-28\"],\"document\":\"https://element.eleme.cn/#/zh-CN/component/date-picker\",\"labelWidth\":null,\"label\":\"请假时间\",\"showLabel\":true,\"required\":true,\"renderKey\":\"1011642138808994\",\"layout\":\"colFormItem\",\"tagIcon\":\"date-range\",\"changeTag\":true,\"tag\":\"el-date-picker\",\"regList\":[{\"required\":true,\"message\":\"请假时间不能为空\",\"trigger\":\"change\"}],\"span\":24},\"range-separator\":\"至\",\"readonly\":false,\"start-placeholder\":\"开始日期\",\"format\":\"yyyy-MM-dd\",\"value-format\":\"yyyy-MM-dd\",\"__vModel__\":\"leavetime\",\"style\":{\"width\":\"100%\"},\"disabled\":false,\"type\":\"daterange\",\"end-placeholder\":\"结束日期\"},{\"filterable\":false,\"clearable\":true,\"__config__\":{\"formId\":102,\"document\":\"https://element.eleme.cn/#/zh-CN/component/select\",\"labelWidth\":null,\"label\":\"请假类型\",\"showLabel\":true,\"required\":true,\"renderKey\":\"1021642138784910\",\"layout\":\"colFormItem\",\"tagIcon\":\"select\",\"changeTag\":true,\"tag\":\"el-select\",\"regList\":[{\"required\":true,\"message\":\"选择请请假类型请假类型请假类型\",\"trigger\":\"change\"}],\"span\":24,\"defaultValue\":1},\"multiple\":false,\"__vModel__\":\"leavetype\",\"style\":{\"width\":\"100%\"},\"disabled\":false,\"placeholder\":\"选择请请假类型请假类型请假类型\",\"__slot__\":{\"options\":[{\"label\":\"年假\",\"value\":1},{\"label\":\"调休\",\"value\":2}]}},{\"__config__\":{\"formId\":101,\"document\":\"https://element.eleme.cn/#/zh-CN/component/input\",\"labelWidth\":null,\"label\":\"请假事由\",\"showLabel\":true,\"required\":true,\"renderKey\":\"1011642138726087\",\"layout\":\"colFormItem\",\"tagIcon\":\"textarea\",\"changeTag\":true,\"tag\":\"el-input\",\"regList\":[{\"required\":true,\"message\":\"请输入请假事由请假事由请假事由\",\"trigger\":\"blur\"}],\"span\":24,\"defaultValue\":\"1111\"},\"readonly\":false,\"maxlength\":null,\"__vModel__\":\"leavereason\",\"style\":{\"width\":\"100%\"},\"disabled\":false,\"placeholder\":\"请输入请假事由请假事由请假事由\",\"show-word-limit\":false,\"type\":\"textarea\",\"autosize\":{\"minRows\":4,\"maxRows\":4}}],\"span\":24},\"INITIATOR\":\"\"}', '1', '2022-01-24 06:02:35', NULL, NULL);
INSERT INTO `sys_form_data` (`Id`, `ProInstId`, `FormData`, `Creator`, `CreateTime`, `Modifier`, `ModifyTime`) VALUES ('645479215172554752', '06d90641-7cdf-11ec-b70e-5e7fe1da47b3', '{\"leavetime\":[\"2022-01-25\",\"2022-01-28\"],\"leavetype\":1,\"leavereason\":\"eeee\",\"variables\":{\"formRef\":\"leave\",\"gutter\":15,\"size\":\"medium\",\"formRules\":\"rules\",\"labelPosition\":\"right\",\"formBtns\":false,\"labelWidth\":100,\"disabled\":true,\"formModel\":\"leaveForm\",\"fields\":[{\"clearable\":true,\"__config__\":{\"formId\":101,\"defaultValue\":[\"2022-01-25\",\"2022-01-28\"],\"document\":\"https://element.eleme.cn/#/zh-CN/component/date-picker\",\"labelWidth\":null,\"label\":\"请假时间\",\"showLabel\":true,\"required\":true,\"renderKey\":\"1011642138808994\",\"layout\":\"colFormItem\",\"tagIcon\":\"date-range\",\"changeTag\":true,\"tag\":\"el-date-picker\",\"regList\":[{\"required\":true,\"message\":\"请假时间不能为空\",\"trigger\":\"change\"}],\"span\":24},\"range-separator\":\"至\",\"readonly\":false,\"start-placeholder\":\"开始日期\",\"format\":\"yyyy-MM-dd\",\"value-format\":\"yyyy-MM-dd\",\"__vModel__\":\"leavetime\",\"style\":{\"width\":\"100%\"},\"disabled\":false,\"type\":\"daterange\",\"end-placeholder\":\"结束日期\"},{\"filterable\":false,\"clearable\":true,\"__config__\":{\"formId\":102,\"document\":\"https://element.eleme.cn/#/zh-CN/component/select\",\"labelWidth\":null,\"label\":\"请假类型\",\"showLabel\":true,\"required\":true,\"renderKey\":\"1021642138784910\",\"layout\":\"colFormItem\",\"tagIcon\":\"select\",\"changeTag\":true,\"tag\":\"el-select\",\"regList\":[{\"required\":true,\"message\":\"选择请假类型\",\"trigger\":\"change\"}],\"span\":24,\"defaultValue\":1},\"multiple\":false,\"__vModel__\":\"leavetype\",\"style\":{\"width\":\"100%\"},\"disabled\":false,\"placeholder\":\"选择请假类型\",\"__slot__\":{\"options\":[{\"label\":\"年假\",\"value\":1},{\"label\":\"调休\",\"value\":2}]}},{\"__config__\":{\"formId\":101,\"document\":\"https://element.eleme.cn/#/zh-CN/component/input\",\"labelWidth\":null,\"label\":\"请假事由\",\"showLabel\":true,\"required\":true,\"renderKey\":\"1011642138726087\",\"layout\":\"colFormItem\",\"tagIcon\":\"textarea\",\"changeTag\":true,\"tag\":\"el-input\",\"regList\":[{\"required\":true,\"message\":\"请输入请假事由\",\"trigger\":\"blur\"}],\"span\":24,\"defaultValue\":\"eeee\"},\"readonly\":false,\"maxlength\":null,\"__vModel__\":\"leavereason\",\"style\":{\"width\":\"100%\"},\"disabled\":false,\"placeholder\":\"请输入请假事由\",\"show-word-limit\":false,\"type\":\"textarea\",\"autosize\":{\"minRows\":4,\"maxRows\":4}}],\"span\":24},\"INITIATOR\":\"\"}', '1', '2022-01-24 06:30:48', NULL, NULL);
INSERT INTO `sys_form_data` (`Id`, `ProInstId`, `FormData`, `Creator`, `CreateTime`, `Modifier`, `ModifyTime`) VALUES ('645494796961583104', 'd0c0abbb-7ce7-11ec-bf3a-a21039a19fdf', '{\"leavetime\":[\"2022-01-25\",\"2022-01-28\"],\"leavetype\":1,\"leavereason\":\"1111\",\"variables\":{\"formRef\":\"leave\",\"gutter\":15,\"size\":\"medium\",\"formRules\":\"rules\",\"labelPosition\":\"right\",\"formBtns\":false,\"labelWidth\":100,\"disabled\":true,\"formModel\":\"leaveForm\",\"fields\":[{\"clearable\":true,\"__config__\":{\"formId\":101,\"defaultValue\":[\"2022-01-25\",\"2022-01-28\"],\"document\":\"https://element.eleme.cn/#/zh-CN/component/date-picker\",\"labelWidth\":null,\"label\":\"请假时间\",\"showLabel\":true,\"required\":true,\"renderKey\":\"1011642138808994\",\"layout\":\"colFormItem\",\"tagIcon\":\"date-range\",\"changeTag\":true,\"tag\":\"el-date-picker\",\"regList\":[{\"required\":true,\"message\":\"请假时间不能为空\",\"trigger\":\"change\"}],\"span\":24},\"range-separator\":\"至\",\"readonly\":false,\"start-placeholder\":\"开始日期\",\"format\":\"yyyy-MM-dd\",\"value-format\":\"yyyy-MM-dd\",\"__vModel__\":\"leavetime\",\"style\":{\"width\":\"100%\"},\"disabled\":false,\"type\":\"daterange\",\"end-placeholder\":\"结束日期\"},{\"filterable\":false,\"clearable\":true,\"__config__\":{\"formId\":102,\"document\":\"https://element.eleme.cn/#/zh-CN/component/select\",\"labelWidth\":null,\"label\":\"请假类型\",\"showLabel\":true,\"required\":true,\"renderKey\":\"1021642138784910\",\"layout\":\"colFormItem\",\"tagIcon\":\"select\",\"changeTag\":true,\"tag\":\"el-select\",\"regList\":[{\"required\":true,\"message\":\"选择请假类型\",\"trigger\":\"change\"}],\"span\":24,\"defaultValue\":1},\"multiple\":false,\"__vModel__\":\"leavetype\",\"style\":{\"width\":\"100%\"},\"disabled\":false,\"placeholder\":\"选择请假类型\",\"__slot__\":{\"options\":[{\"label\":\"年假\",\"value\":1},{\"label\":\"调休\",\"value\":2}]}},{\"__config__\":{\"formId\":101,\"document\":\"https://element.eleme.cn/#/zh-CN/component/input\",\"labelWidth\":null,\"label\":\"请假事由\",\"showLabel\":true,\"required\":true,\"renderKey\":\"1011642138726087\",\"layout\":\"colFormItem\",\"tagIcon\":\"textarea\",\"changeTag\":true,\"tag\":\"el-input\",\"regList\":[{\"required\":true,\"message\":\"请输入请假事由\",\"trigger\":\"blur\"}],\"span\":24,\"defaultValue\":\"1111\"},\"readonly\":false,\"maxlength\":null,\"__vModel__\":\"leavereason\",\"style\":{\"width\":\"100%\"},\"disabled\":false,\"placeholder\":\"请输入请假事由\",\"show-word-limit\":false,\"type\":\"textarea\",\"autosize\":{\"minRows\":4,\"maxRows\":4}}],\"span\":24},\"INITIATOR\":\"\"}', '380942348554735616', '2022-01-24 07:32:43', NULL, NULL);
INSERT INTO `sys_form_data` (`Id`, `ProInstId`, `FormData`, `Creator`, `CreateTime`, `Modifier`, `ModifyTime`) VALUES ('645509364211388416', 'e6eb49cf-7cef-11ec-83e2-423f4418465d', '{\"leavetime\":[\"2022-01-25\",\"2022-01-27\"],\"leavetype\":1,\"leavereason\":\"111\",\"variables\":{\"formRef\":\"leave\",\"gutter\":15,\"size\":\"medium\",\"formRules\":\"rules\",\"labelPosition\":\"right\",\"formBtns\":false,\"labelWidth\":100,\"disabled\":true,\"formModel\":\"leaveForm\",\"fields\":[{\"clearable\":true,\"__config__\":{\"formId\":101,\"defaultValue\":[\"2022-01-25\",\"2022-01-27\"],\"document\":\"https://element.eleme.cn/#/zh-CN/component/date-picker\",\"labelWidth\":null,\"label\":\"请假时间\",\"showLabel\":true,\"required\":true,\"renderKey\":\"1011642138808994\",\"layout\":\"colFormItem\",\"tagIcon\":\"date-range\",\"changeTag\":true,\"tag\":\"el-date-picker\",\"regList\":[{\"required\":true,\"message\":\"请假时间不能为空\",\"trigger\":\"change\"}],\"span\":24},\"range-separator\":\"至\",\"readonly\":false,\"start-placeholder\":\"开始日期\",\"format\":\"yyyy-MM-dd\",\"value-format\":\"yyyy-MM-dd\",\"__vModel__\":\"leavetime\",\"style\":{\"width\":\"100%\"},\"disabled\":false,\"type\":\"daterange\",\"end-placeholder\":\"结束日期\"},{\"filterable\":false,\"clearable\":true,\"__config__\":{\"formId\":102,\"document\":\"https://element.eleme.cn/#/zh-CN/component/select\",\"labelWidth\":null,\"label\":\"请假类型\",\"showLabel\":true,\"required\":true,\"renderKey\":\"1021642138784910\",\"layout\":\"colFormItem\",\"tagIcon\":\"select\",\"changeTag\":true,\"tag\":\"el-select\",\"regList\":[{\"required\":true,\"message\":\"选择请假类型\",\"trigger\":\"change\"}],\"span\":24,\"defaultValue\":1},\"multiple\":false,\"__vModel__\":\"leavetype\",\"style\":{\"width\":\"100%\"},\"disabled\":false,\"placeholder\":\"选择请假类型\",\"__slot__\":{\"options\":[{\"label\":\"年假\",\"value\":1},{\"label\":\"调休\",\"value\":2}]}},{\"__config__\":{\"formId\":101,\"document\":\"https://element.eleme.cn/#/zh-CN/component/input\",\"labelWidth\":null,\"label\":\"请假事由\",\"showLabel\":true,\"required\":true,\"renderKey\":\"1011642138726087\",\"layout\":\"colFormItem\",\"tagIcon\":\"textarea\",\"changeTag\":true,\"tag\":\"el-input\",\"regList\":[{\"required\":true,\"message\":\"请输入请假事由\",\"trigger\":\"blur\"}],\"span\":24,\"defaultValue\":\"111\"},\"readonly\":false,\"maxlength\":null,\"__vModel__\":\"leavereason\",\"style\":{\"width\":\"100%\"},\"disabled\":false,\"placeholder\":\"请输入请假事由\",\"show-word-limit\":false,\"type\":\"textarea\",\"autosize\":{\"minRows\":4,\"maxRows\":4}}],\"span\":24},\"INITIATOR\":\"\"}', '380942348554735616', '2022-01-24 08:30:36', NULL, NULL);
INSERT INTO `sys_form_data` (`Id`, `ProInstId`, `FormData`, `Creator`, `CreateTime`, `Modifier`, `ModifyTime`) VALUES ('646955287835709440', '8ced95c0-8012-11ec-a8cb-867ef1f24747', '{\"leavetime\":[\"2022-01-29\",\"2022-01-31\"],\"leavetype\":1,\"leavereason\":\"sss\",\"variables\":{\"formRef\":\"leave\",\"gutter\":15,\"size\":\"medium\",\"formRules\":\"rules\",\"labelPosition\":\"right\",\"formBtns\":false,\"labelWidth\":100,\"disabled\":true,\"formModel\":\"leaveForm\",\"fields\":[{\"clearable\":true,\"__config__\":{\"formId\":101,\"defaultValue\":[\"2022-01-29\",\"2022-01-31\"],\"document\":\"https://element.eleme.cn/#/zh-CN/component/date-picker\",\"labelWidth\":null,\"label\":\"请假时间\",\"showLabel\":true,\"required\":true,\"renderKey\":\"1011642138808994\",\"layout\":\"colFormItem\",\"tagIcon\":\"date-range\",\"changeTag\":true,\"tag\":\"el-date-picker\",\"regList\":[{\"required\":true,\"message\":\"请假时间不能为空\",\"trigger\":\"change\"}],\"span\":24},\"range-separator\":\"至\",\"readonly\":false,\"start-placeholder\":\"开始日期\",\"format\":\"yyyy-MM-dd\",\"value-format\":\"yyyy-MM-dd\",\"__vModel__\":\"leavetime\",\"style\":{\"width\":\"100%\"},\"disabled\":false,\"type\":\"daterange\",\"end-placeholder\":\"结束日期\"},{\"filterable\":false,\"clearable\":true,\"__config__\":{\"formId\":102,\"document\":\"https://element.eleme.cn/#/zh-CN/component/select\",\"labelWidth\":null,\"label\":\"请假类型\",\"showLabel\":true,\"required\":true,\"renderKey\":\"1021642138784910\",\"layout\":\"colFormItem\",\"tagIcon\":\"select\",\"changeTag\":true,\"tag\":\"el-select\",\"regList\":[{\"required\":true,\"message\":\"选择请假类型\",\"trigger\":\"change\"}],\"span\":24,\"defaultValue\":1},\"multiple\":false,\"__vModel__\":\"leavetype\",\"style\":{\"width\":\"100%\"},\"disabled\":false,\"placeholder\":\"选择请假类型\",\"__slot__\":{\"options\":[{\"label\":\"年假\",\"value\":1},{\"label\":\"调休\",\"value\":2}]}},{\"__config__\":{\"formId\":101,\"document\":\"https://element.eleme.cn/#/zh-CN/component/input\",\"labelWidth\":null,\"label\":\"请假事由\",\"showLabel\":true,\"required\":true,\"renderKey\":\"1011642138726087\",\"layout\":\"colFormItem\",\"tagIcon\":\"textarea\",\"changeTag\":true,\"tag\":\"el-input\",\"regList\":[{\"required\":true,\"message\":\"请输入请假事由\",\"trigger\":\"blur\"}],\"span\":24,\"defaultValue\":\"sss\"},\"readonly\":false,\"maxlength\":null,\"__vModel__\":\"leavereason\",\"style\":{\"width\":\"100%\"},\"disabled\":false,\"placeholder\":\"请输入请假事由\",\"show-word-limit\":false,\"type\":\"textarea\",\"autosize\":{\"minRows\":4,\"maxRows\":4}}],\"span\":24},\"INITIATOR\":\"\"}', '380942348554735616', '2022-01-28 08:16:11', NULL, NULL);
INSERT INTO `sys_form_data` (`Id`, `ProInstId`, `FormData`, `Creator`, `CreateTime`, `Modifier`, `ModifyTime`) VALUES ('646956116835700736', '02c4d23b-8013-11ec-ba0e-1e8785e2a82a', '{\"leavetime\":[\"2022-01-30\",\"2022-01-31\"],\"leavetype\":2,\"leavereason\":\"000\",\"variables\":{\"formRef\":\"leave\",\"gutter\":15,\"size\":\"medium\",\"formRules\":\"rules\",\"labelPosition\":\"right\",\"formBtns\":false,\"labelWidth\":100,\"disabled\":true,\"formModel\":\"leaveForm\",\"fields\":[{\"clearable\":true,\"__config__\":{\"formId\":101,\"defaultValue\":[\"2022-01-30\",\"2022-01-31\"],\"document\":\"https://element.eleme.cn/#/zh-CN/component/date-picker\",\"labelWidth\":null,\"label\":\"请假时间\",\"showLabel\":true,\"required\":true,\"renderKey\":\"1011642138808994\",\"layout\":\"colFormItem\",\"tagIcon\":\"date-range\",\"changeTag\":true,\"tag\":\"el-date-picker\",\"regList\":[{\"required\":true,\"message\":\"请假时间不能为空\",\"trigger\":\"change\"}],\"span\":24},\"range-separator\":\"至\",\"readonly\":false,\"start-placeholder\":\"开始日期\",\"format\":\"yyyy-MM-dd\",\"value-format\":\"yyyy-MM-dd\",\"__vModel__\":\"leavetime\",\"style\":{\"width\":\"100%\"},\"disabled\":false,\"type\":\"daterange\",\"end-placeholder\":\"结束日期\"},{\"filterable\":false,\"clearable\":true,\"__config__\":{\"formId\":102,\"document\":\"https://element.eleme.cn/#/zh-CN/component/select\",\"labelWidth\":null,\"label\":\"请假类型\",\"showLabel\":true,\"required\":true,\"renderKey\":\"1021642138784910\",\"layout\":\"colFormItem\",\"tagIcon\":\"select\",\"changeTag\":true,\"tag\":\"el-select\",\"regList\":[{\"required\":true,\"message\":\"选择请假类型\",\"trigger\":\"change\"}],\"span\":24,\"defaultValue\":2},\"multiple\":false,\"__vModel__\":\"leavetype\",\"style\":{\"width\":\"100%\"},\"disabled\":false,\"placeholder\":\"选择请假类型\",\"__slot__\":{\"options\":[{\"label\":\"年假\",\"value\":1},{\"label\":\"调休\",\"value\":2}]}},{\"__config__\":{\"formId\":101,\"document\":\"https://element.eleme.cn/#/zh-CN/component/input\",\"labelWidth\":null,\"label\":\"请假事由\",\"showLabel\":true,\"required\":true,\"renderKey\":\"1011642138726087\",\"layout\":\"colFormItem\",\"tagIcon\":\"textarea\",\"changeTag\":true,\"tag\":\"el-input\",\"regList\":[{\"required\":true,\"message\":\"请输入请假事由\",\"trigger\":\"blur\"}],\"span\":24,\"defaultValue\":\"000\"},\"readonly\":false,\"maxlength\":null,\"__vModel__\":\"leavereason\",\"style\":{\"width\":\"100%\"},\"disabled\":false,\"placeholder\":\"请输入请假事由\",\"show-word-limit\":false,\"type\":\"textarea\",\"autosize\":{\"minRows\":4,\"maxRows\":4}}],\"span\":24},\"INITIATOR\":\"\"}', '380942348554735616', '2022-01-28 08:19:28', NULL, NULL);
INSERT INTO `sys_form_data` (`Id`, `ProInstId`, `FormData`, `Creator`, `CreateTime`, `Modifier`, `ModifyTime`) VALUES ('646957129953054720', '92d836d1-8013-11ec-ba0e-1e8785e2a82a', '{\"leavetime\":[\"2022-02-01\",\"2022-02-04\"],\"leavetype\":1,\"leavereason\":\"www\",\"variables\":{\"formRef\":\"leave\",\"gutter\":15,\"size\":\"medium\",\"formRules\":\"rules\",\"labelPosition\":\"right\",\"formBtns\":false,\"labelWidth\":100,\"disabled\":true,\"formModel\":\"leaveForm\",\"fields\":[{\"clearable\":true,\"__config__\":{\"formId\":101,\"defaultValue\":[\"2022-02-01\",\"2022-02-04\"],\"document\":\"https://element.eleme.cn/#/zh-CN/component/date-picker\",\"labelWidth\":null,\"label\":\"请假时间\",\"showLabel\":true,\"required\":true,\"renderKey\":\"1011642138808994\",\"layout\":\"colFormItem\",\"tagIcon\":\"date-range\",\"changeTag\":true,\"tag\":\"el-date-picker\",\"regList\":[{\"required\":true,\"message\":\"请假时间不能为空\",\"trigger\":\"change\"}],\"span\":24},\"range-separator\":\"至\",\"readonly\":false,\"start-placeholder\":\"开始日期\",\"format\":\"yyyy-MM-dd\",\"value-format\":\"yyyy-MM-dd\",\"__vModel__\":\"leavetime\",\"style\":{\"width\":\"100%\"},\"disabled\":false,\"type\":\"daterange\",\"end-placeholder\":\"结束日期\"},{\"filterable\":false,\"clearable\":true,\"__config__\":{\"formId\":102,\"document\":\"https://element.eleme.cn/#/zh-CN/component/select\",\"labelWidth\":null,\"label\":\"请假类型\",\"showLabel\":true,\"required\":true,\"renderKey\":\"1021642138784910\",\"layout\":\"colFormItem\",\"tagIcon\":\"select\",\"changeTag\":true,\"tag\":\"el-select\",\"regList\":[{\"required\":true,\"message\":\"选择请假类型\",\"trigger\":\"change\"}],\"span\":24,\"defaultValue\":1},\"multiple\":false,\"__vModel__\":\"leavetype\",\"style\":{\"width\":\"100%\"},\"disabled\":false,\"placeholder\":\"选择请假类型\",\"__slot__\":{\"options\":[{\"label\":\"年假\",\"value\":1},{\"label\":\"调休\",\"value\":2}]}},{\"__config__\":{\"formId\":101,\"document\":\"https://element.eleme.cn/#/zh-CN/component/input\",\"labelWidth\":null,\"label\":\"请假事由\",\"showLabel\":true,\"required\":true,\"renderKey\":\"1011642138726087\",\"layout\":\"colFormItem\",\"tagIcon\":\"textarea\",\"changeTag\":true,\"tag\":\"el-input\",\"regList\":[{\"required\":true,\"message\":\"请输入请假事由\",\"trigger\":\"blur\"}],\"span\":24,\"defaultValue\":\"www\"},\"readonly\":false,\"maxlength\":null,\"__vModel__\":\"leavereason\",\"style\":{\"width\":\"100%\"},\"disabled\":false,\"placeholder\":\"请输入请假事由\",\"show-word-limit\":false,\"type\":\"textarea\",\"autosize\":{\"minRows\":4,\"maxRows\":4}}],\"span\":24},\"INITIATOR\":\"\"}', '380942348554735616', '2022-01-28 08:23:30', NULL, NULL);
INSERT INTO `sys_form_data` (`Id`, `ProInstId`, `FormData`, `Creator`, `CreateTime`, `Modifier`, `ModifyTime`) VALUES ('646957173498318848', '99099a49-8013-11ec-ba0e-1e8785e2a82a', '{\"leavetime\":[\"2022-01-30\",\"2022-01-31\"],\"leavetype\":2,\"leavereason\":\"weee\",\"variables\":{\"formRef\":\"leave\",\"gutter\":15,\"size\":\"medium\",\"formRules\":\"rules\",\"labelPosition\":\"right\",\"formBtns\":false,\"labelWidth\":100,\"disabled\":true,\"formModel\":\"leaveForm\",\"fields\":[{\"clearable\":true,\"__config__\":{\"formId\":101,\"defaultValue\":[\"2022-01-30\",\"2022-01-31\"],\"document\":\"https://element.eleme.cn/#/zh-CN/component/date-picker\",\"labelWidth\":null,\"label\":\"请假时间\",\"showLabel\":true,\"required\":true,\"renderKey\":\"1011642138808994\",\"layout\":\"colFormItem\",\"tagIcon\":\"date-range\",\"changeTag\":true,\"tag\":\"el-date-picker\",\"regList\":[{\"required\":true,\"message\":\"请假时间不能为空\",\"trigger\":\"change\"}],\"span\":24},\"range-separator\":\"至\",\"readonly\":false,\"start-placeholder\":\"开始日期\",\"format\":\"yyyy-MM-dd\",\"value-format\":\"yyyy-MM-dd\",\"__vModel__\":\"leavetime\",\"style\":{\"width\":\"100%\"},\"disabled\":false,\"type\":\"daterange\",\"end-placeholder\":\"结束日期\"},{\"filterable\":false,\"clearable\":true,\"__config__\":{\"formId\":102,\"document\":\"https://element.eleme.cn/#/zh-CN/component/select\",\"labelWidth\":null,\"label\":\"请假类型\",\"showLabel\":true,\"required\":true,\"renderKey\":\"1021642138784910\",\"layout\":\"colFormItem\",\"tagIcon\":\"select\",\"changeTag\":true,\"tag\":\"el-select\",\"regList\":[{\"required\":true,\"message\":\"选择请假类型\",\"trigger\":\"change\"}],\"span\":24,\"defaultValue\":2},\"multiple\":false,\"__vModel__\":\"leavetype\",\"style\":{\"width\":\"100%\"},\"disabled\":false,\"placeholder\":\"选择请假类型\",\"__slot__\":{\"options\":[{\"label\":\"年假\",\"value\":1},{\"label\":\"调休\",\"value\":2}]}},{\"__config__\":{\"formId\":101,\"document\":\"https://element.eleme.cn/#/zh-CN/component/input\",\"labelWidth\":null,\"label\":\"请假事由\",\"showLabel\":true,\"required\":true,\"renderKey\":\"1011642138726087\",\"layout\":\"colFormItem\",\"tagIcon\":\"textarea\",\"changeTag\":true,\"tag\":\"el-input\",\"regList\":[{\"required\":true,\"message\":\"请输入请假事由\",\"trigger\":\"blur\"}],\"span\":24,\"defaultValue\":\"weee\"},\"readonly\":false,\"maxlength\":null,\"__vModel__\":\"leavereason\",\"style\":{\"width\":\"100%\"},\"disabled\":false,\"placeholder\":\"请输入请假事由\",\"show-word-limit\":false,\"type\":\"textarea\",\"autosize\":{\"minRows\":4,\"maxRows\":4}}],\"span\":24},\"INITIATOR\":\"\"}', '380942348554735616', '2022-01-28 08:23:40', NULL, NULL);
INSERT INTO `sys_form_data` (`Id`, `ProInstId`, `FormData`, `Creator`, `CreateTime`, `Modifier`, `ModifyTime`) VALUES ('646958418699096064', '49f35e2e-8014-11ec-ba0e-1e8785e2a82a', '{\"leavetime\":[\"2022-01-30\",\"2022-01-31\"],\"leavetype\":1,\"leavereason\":\"111\",\"variables\":{\"formRef\":\"leave\",\"gutter\":15,\"size\":\"medium\",\"formRules\":\"rules\",\"labelPosition\":\"right\",\"formBtns\":false,\"labelWidth\":100,\"disabled\":true,\"formModel\":\"leaveForm\",\"fields\":[{\"clearable\":true,\"__config__\":{\"formId\":101,\"defaultValue\":[\"2022-01-30\",\"2022-01-31\"],\"document\":\"https://element.eleme.cn/#/zh-CN/component/date-picker\",\"labelWidth\":null,\"label\":\"请假时间\",\"showLabel\":true,\"required\":true,\"renderKey\":\"1011642138808994\",\"layout\":\"colFormItem\",\"tagIcon\":\"date-range\",\"changeTag\":true,\"tag\":\"el-date-picker\",\"regList\":[{\"required\":true,\"message\":\"请假时间不能为空\",\"trigger\":\"change\"}],\"span\":24},\"range-separator\":\"至\",\"readonly\":false,\"start-placeholder\":\"开始日期\",\"format\":\"yyyy-MM-dd\",\"value-format\":\"yyyy-MM-dd\",\"__vModel__\":\"leavetime\",\"style\":{\"width\":\"100%\"},\"disabled\":false,\"type\":\"daterange\",\"end-placeholder\":\"结束日期\"},{\"filterable\":false,\"clearable\":true,\"__config__\":{\"formId\":102,\"document\":\"https://element.eleme.cn/#/zh-CN/component/select\",\"labelWidth\":null,\"label\":\"请假类型\",\"showLabel\":true,\"required\":true,\"renderKey\":\"1021642138784910\",\"layout\":\"colFormItem\",\"tagIcon\":\"select\",\"changeTag\":true,\"tag\":\"el-select\",\"regList\":[{\"required\":true,\"message\":\"选择请假类型\",\"trigger\":\"change\"}],\"span\":24,\"defaultValue\":1},\"multiple\":false,\"__vModel__\":\"leavetype\",\"style\":{\"width\":\"100%\"},\"disabled\":false,\"placeholder\":\"选择请假类型\",\"__slot__\":{\"options\":[{\"label\":\"年假\",\"value\":1},{\"label\":\"调休\",\"value\":2}]}},{\"__config__\":{\"formId\":101,\"document\":\"https://element.eleme.cn/#/zh-CN/component/input\",\"labelWidth\":null,\"label\":\"请假事由\",\"showLabel\":true,\"required\":true,\"renderKey\":\"1011642138726087\",\"layout\":\"colFormItem\",\"tagIcon\":\"textarea\",\"changeTag\":true,\"tag\":\"el-input\",\"regList\":[{\"required\":true,\"message\":\"请输入请假事由\",\"trigger\":\"blur\"}],\"span\":24,\"defaultValue\":\"111\"},\"readonly\":false,\"maxlength\":null,\"__vModel__\":\"leavereason\",\"style\":{\"width\":\"100%\"},\"disabled\":false,\"placeholder\":\"请输入请假事由\",\"show-word-limit\":false,\"type\":\"textarea\",\"autosize\":{\"minRows\":4,\"maxRows\":4}}],\"span\":24},\"INITIATOR\":\"\"}', '1', '2022-01-28 08:28:37', NULL, NULL);
INSERT INTO `sys_form_data` (`Id`, `ProInstId`, `FormData`, `Creator`, `CreateTime`, `Modifier`, `ModifyTime`) VALUES ('765456307577819136', 'd4b59ef6-8107-11ed-9b84-ce4fe10f37b9', '{\"leavetime\":[\"2022-12-21\",\"2022-12-23\"],\"leavetype\":1,\"leavereason\":\"111\",\"variables\":{\"formRef\":\"leave\",\"gutter\":15,\"size\":\"medium\",\"formRules\":\"rules\",\"labelPosition\":\"right\",\"formBtns\":false,\"labelWidth\":100,\"disabled\":true,\"formModel\":\"leaveForm\",\"fields\":[{\"clearable\":true,\"__config__\":{\"formId\":101,\"defaultValue\":[\"2022-12-21\",\"2022-12-23\"],\"document\":\"https://element.eleme.cn/#/zh-CN/component/date-picker\",\"label\":\"请假时间\",\"showLabel\":true,\"required\":true,\"renderKey\":\"1011642138808994\",\"layout\":\"colFormItem\",\"tagIcon\":\"date-range\",\"changeTag\":true,\"tag\":\"el-date-picker\",\"regList\":[{\"required\":true,\"message\":\"请假时间不能为空\",\"trigger\":\"change\"}],\"span\":24},\"range-separator\":\"至\",\"readonly\":false,\"start-placeholder\":\"开始日期\",\"format\":\"yyyy-MM-dd\",\"value-format\":\"yyyy-MM-dd\",\"__vModel__\":\"leavetime\",\"style\":{\"width\":\"100%\"},\"disabled\":false,\"type\":\"daterange\",\"end-placeholder\":\"结束日期\"},{\"filterable\":false,\"clearable\":true,\"__config__\":{\"formId\":102,\"document\":\"https://element.eleme.cn/#/zh-CN/component/select\",\"label\":\"请假类型\",\"showLabel\":true,\"required\":true,\"renderKey\":\"1021642138784910\",\"layout\":\"colFormItem\",\"tagIcon\":\"select\",\"changeTag\":true,\"tag\":\"el-select\",\"regList\":[{\"required\":true,\"message\":\"选择请假类型\",\"trigger\":\"change\"}],\"span\":24,\"defaultValue\":1},\"multiple\":false,\"__vModel__\":\"leavetype\",\"style\":{\"width\":\"100%\"},\"disabled\":false,\"placeholder\":\"选择请假类型\",\"__slot__\":{\"options\":[{\"label\":\"年假\",\"value\":1},{\"label\":\"调休\",\"value\":2}]}},{\"__config__\":{\"formId\":101,\"document\":\"https://element.eleme.cn/#/zh-CN/component/input\",\"label\":\"请假事由\",\"showLabel\":true,\"required\":true,\"renderKey\":\"1011642138726087\",\"layout\":\"colFormItem\",\"tagIcon\":\"textarea\",\"changeTag\":true,\"tag\":\"el-input\",\"regList\":[{\"required\":true,\"message\":\"请输入请假事由\",\"trigger\":\"blur\"}],\"span\":24,\"defaultValue\":\"111\"},\"readonly\":false,\"__vModel__\":\"leavereason\",\"style\":{\"width\":\"100%\"},\"disabled\":false,\"placeholder\":\"请输入请假事由\",\"show-word-limit\":false,\"type\":\"textarea\",\"autosize\":{\"minRows\":4,\"maxRows\":4}}],\"span\":24},\"INITIATOR\":\"\"}', '1', '2022-12-21 08:16:55', NULL, NULL);
INSERT INTO `sys_form_data` (`Id`, `ProInstId`, `FormData`, `Creator`, `CreateTime`, `Modifier`, `ModifyTime`) VALUES ('765457068407787520', '3c2f2f35-8108-11ed-9b84-ce4fe10f37b9', '{\"leavetime\":[\"2022-12-21\",\"2022-12-23\"],\"leavetype\":1,\"leavereason\":\"11\",\"variables\":{\"formRef\":\"leave\",\"gutter\":15,\"size\":\"medium\",\"formRules\":\"rules\",\"labelPosition\":\"right\",\"formBtns\":false,\"labelWidth\":100,\"disabled\":true,\"formModel\":\"leaveForm\",\"fields\":[{\"clearable\":true,\"__config__\":{\"formId\":101,\"defaultValue\":[\"2022-12-21\",\"2022-12-23\"],\"document\":\"https://element.eleme.cn/#/zh-CN/component/date-picker\",\"label\":\"请假时间\",\"showLabel\":true,\"required\":true,\"renderKey\":\"1011642138808994\",\"layout\":\"colFormItem\",\"tagIcon\":\"date-range\",\"changeTag\":true,\"tag\":\"el-date-picker\",\"regList\":[{\"required\":true,\"message\":\"请假时间不能为空\",\"trigger\":\"change\"}],\"span\":24},\"range-separator\":\"至\",\"readonly\":false,\"start-placeholder\":\"开始日期\",\"format\":\"yyyy-MM-dd\",\"value-format\":\"yyyy-MM-dd\",\"__vModel__\":\"leavetime\",\"style\":{\"width\":\"100%\"},\"disabled\":false,\"type\":\"daterange\",\"end-placeholder\":\"结束日期\"},{\"filterable\":false,\"clearable\":true,\"__config__\":{\"formId\":102,\"document\":\"https://element.eleme.cn/#/zh-CN/component/select\",\"label\":\"请假类型\",\"showLabel\":true,\"required\":true,\"renderKey\":\"1021642138784910\",\"layout\":\"colFormItem\",\"tagIcon\":\"select\",\"changeTag\":true,\"tag\":\"el-select\",\"regList\":[{\"required\":true,\"message\":\"选择请假类型\",\"trigger\":\"change\"}],\"span\":24,\"defaultValue\":1},\"multiple\":false,\"__vModel__\":\"leavetype\",\"style\":{\"width\":\"100%\"},\"disabled\":false,\"placeholder\":\"选择请假类型\",\"__slot__\":{\"options\":[{\"label\":\"年假\",\"value\":1},{\"label\":\"调休\",\"value\":2}]}},{\"__config__\":{\"formId\":101,\"document\":\"https://element.eleme.cn/#/zh-CN/component/input\",\"label\":\"请假事由\",\"showLabel\":true,\"required\":true,\"renderKey\":\"1011642138726087\",\"layout\":\"colFormItem\",\"tagIcon\":\"textarea\",\"changeTag\":true,\"tag\":\"el-input\",\"regList\":[{\"required\":true,\"message\":\"请输入请假事由\",\"trigger\":\"blur\"}],\"span\":24,\"defaultValue\":\"11\"},\"readonly\":false,\"__vModel__\":\"leavereason\",\"style\":{\"width\":\"100%\"},\"disabled\":false,\"placeholder\":\"请输入请假事由\",\"show-word-limit\":false,\"type\":\"textarea\",\"autosize\":{\"minRows\":4,\"maxRows\":4}}],\"span\":24},\"INITIATOR\":\"\"}', '1', '2022-12-21 08:19:57', NULL, NULL);
INSERT INTO `sys_form_data` (`Id`, `ProInstId`, `FormData`, `Creator`, `CreateTime`, `Modifier`, `ModifyTime`) VALUES ('765458320302673920', 'f2cdd366-8108-11ed-9b84-ce4fe10f37b9', '{\"leavetime\":[\"2022-12-21\",\"2022-12-23\"],\"leavetype\":1,\"leavereason\":\"11\",\"variables\":{\"formRef\":\"leave\",\"gutter\":15,\"size\":\"medium\",\"formRules\":\"rules\",\"labelPosition\":\"right\",\"formBtns\":false,\"labelWidth\":100,\"disabled\":true,\"formModel\":\"leaveForm\",\"fields\":[{\"clearable\":true,\"__config__\":{\"formId\":101,\"defaultValue\":[\"2022-12-21\",\"2022-12-23\"],\"document\":\"https://element.eleme.cn/#/zh-CN/component/date-picker\",\"label\":\"请假时间\",\"showLabel\":true,\"required\":true,\"renderKey\":\"1011642138808994\",\"layout\":\"colFormItem\",\"tagIcon\":\"date-range\",\"changeTag\":true,\"tag\":\"el-date-picker\",\"regList\":[{\"required\":true,\"message\":\"请假时间不能为空\",\"trigger\":\"change\"}],\"span\":24},\"range-separator\":\"至\",\"readonly\":false,\"start-placeholder\":\"开始日期\",\"format\":\"yyyy-MM-dd\",\"value-format\":\"yyyy-MM-dd\",\"__vModel__\":\"leavetime\",\"style\":{\"width\":\"100%\"},\"disabled\":false,\"type\":\"daterange\",\"end-placeholder\":\"结束日期\"},{\"filterable\":false,\"clearable\":true,\"__config__\":{\"formId\":102,\"document\":\"https://element.eleme.cn/#/zh-CN/component/select\",\"label\":\"请假类型\",\"showLabel\":true,\"required\":true,\"renderKey\":\"1021642138784910\",\"layout\":\"colFormItem\",\"tagIcon\":\"select\",\"changeTag\":true,\"tag\":\"el-select\",\"regList\":[{\"required\":true,\"message\":\"选择请假类型\",\"trigger\":\"change\"}],\"span\":24,\"defaultValue\":1},\"multiple\":false,\"__vModel__\":\"leavetype\",\"style\":{\"width\":\"100%\"},\"disabled\":false,\"placeholder\":\"选择请假类型\",\"__slot__\":{\"options\":[{\"label\":\"年假\",\"value\":1},{\"label\":\"调休\",\"value\":2}]}},{\"__config__\":{\"formId\":101,\"document\":\"https://element.eleme.cn/#/zh-CN/component/input\",\"label\":\"请假事由\",\"showLabel\":true,\"required\":true,\"renderKey\":\"1011642138726087\",\"layout\":\"colFormItem\",\"tagIcon\":\"textarea\",\"changeTag\":true,\"tag\":\"el-input\",\"regList\":[{\"required\":true,\"message\":\"请输入请假事由\",\"trigger\":\"blur\"}],\"span\":24,\"defaultValue\":\"11\"},\"readonly\":false,\"__vModel__\":\"leavereason\",\"style\":{\"width\":\"100%\"},\"disabled\":false,\"placeholder\":\"请输入请假事由\",\"show-word-limit\":false,\"type\":\"textarea\",\"autosize\":{\"minRows\":4,\"maxRows\":4}}],\"span\":24},\"INITIATOR\":\"\"}', '1', '2022-12-21 08:24:55', NULL, NULL);
INSERT INTO `sys_form_data` (`Id`, `ProInstId`, `FormData`, `Creator`, `CreateTime`, `Modifier`, `ModifyTime`) VALUES ('765778626884014080', 'c0fe617e-81ba-11ed-a8a2-ce4fe10f37b9', '{\"leavetime\":[\"2022-12-22\",\"2022-12-24\"],\"leavetype\":1,\"leavereason\":\"111\",\"variables\":{\"formRef\":\"leave\",\"gutter\":15,\"size\":\"medium\",\"formRules\":\"rules\",\"labelPosition\":\"right\",\"formBtns\":false,\"labelWidth\":100,\"disabled\":true,\"formModel\":\"leaveForm\",\"fields\":[{\"clearable\":true,\"__config__\":{\"formId\":101,\"defaultValue\":[\"2022-12-22\",\"2022-12-24\"],\"document\":\"https://element.eleme.cn/#/zh-CN/component/date-picker\",\"label\":\"请假时间\",\"showLabel\":true,\"required\":true,\"renderKey\":\"1011642138808994\",\"layout\":\"colFormItem\",\"tagIcon\":\"date-range\",\"changeTag\":true,\"tag\":\"el-date-picker\",\"regList\":[{\"required\":true,\"message\":\"请假时间不能为空\",\"trigger\":\"change\"}],\"span\":24},\"range-separator\":\"至\",\"readonly\":false,\"start-placeholder\":\"开始日期\",\"format\":\"yyyy-MM-dd\",\"value-format\":\"yyyy-MM-dd\",\"__vModel__\":\"leavetime\",\"style\":{\"width\":\"100%\"},\"disabled\":false,\"type\":\"daterange\",\"end-placeholder\":\"结束日期\"},{\"filterable\":false,\"clearable\":true,\"__config__\":{\"formId\":102,\"document\":\"https://element.eleme.cn/#/zh-CN/component/select\",\"label\":\"请假类型\",\"showLabel\":true,\"required\":true,\"renderKey\":\"1021642138784910\",\"layout\":\"colFormItem\",\"tagIcon\":\"select\",\"changeTag\":true,\"tag\":\"el-select\",\"regList\":[{\"required\":true,\"message\":\"选择请假类型\",\"trigger\":\"change\"}],\"span\":24,\"defaultValue\":1},\"multiple\":false,\"__vModel__\":\"leavetype\",\"style\":{\"width\":\"100%\"},\"disabled\":false,\"placeholder\":\"选择请假类型\",\"__slot__\":{\"options\":[{\"label\":\"年假\",\"value\":1},{\"label\":\"调休\",\"value\":2}]}},{\"__config__\":{\"formId\":101,\"document\":\"https://element.eleme.cn/#/zh-CN/component/input\",\"label\":\"请假事由\",\"showLabel\":true,\"required\":true,\"renderKey\":\"1011642138726087\",\"layout\":\"colFormItem\",\"tagIcon\":\"textarea\",\"changeTag\":true,\"tag\":\"el-input\",\"regList\":[{\"required\":true,\"message\":\"请输入请假事由\",\"trigger\":\"blur\"}],\"span\":24,\"defaultValue\":\"111\"},\"readonly\":false,\"__vModel__\":\"leavereason\",\"style\":{\"width\":\"100%\"},\"disabled\":false,\"placeholder\":\"请输入请假事由\",\"show-word-limit\":false,\"type\":\"textarea\",\"autosize\":{\"minRows\":4,\"maxRows\":4}}],\"span\":24},\"INITIATOR\":\"\"}', '1', '2022-12-22 05:37:42', NULL, NULL);
INSERT INTO `sys_form_data` (`Id`, `ProInstId`, `FormData`, `Creator`, `CreateTime`, `Modifier`, `ModifyTime`) VALUES ('765782061729583104', 'a9308fc0-81bc-11ed-a8a2-ce4fe10f37b9', '{\"leavetime\":[\"2022-12-22\",\"2022-12-24\"],\"leavetype\":1,\"leavereason\":\"111\",\"variables\":{\"formRef\":\"leave\",\"gutter\":15,\"size\":\"medium\",\"formRules\":\"rules\",\"labelPosition\":\"right\",\"formBtns\":false,\"labelWidth\":100,\"disabled\":true,\"formModel\":\"leaveForm\",\"fields\":[{\"clearable\":true,\"__config__\":{\"formId\":101,\"defaultValue\":[\"2022-12-22\",\"2022-12-24\"],\"document\":\"https://element.eleme.cn/#/zh-CN/component/date-picker\",\"label\":\"请假时间\",\"showLabel\":true,\"required\":true,\"renderKey\":\"1011642138808994\",\"layout\":\"colFormItem\",\"tagIcon\":\"date-range\",\"changeTag\":true,\"tag\":\"el-date-picker\",\"regList\":[{\"required\":true,\"message\":\"请假时间不能为空\",\"trigger\":\"change\"}],\"span\":24},\"range-separator\":\"至\",\"readonly\":false,\"start-placeholder\":\"开始日期\",\"format\":\"yyyy-MM-dd\",\"value-format\":\"yyyy-MM-dd\",\"__vModel__\":\"leavetime\",\"style\":{\"width\":\"100%\"},\"disabled\":false,\"type\":\"daterange\",\"end-placeholder\":\"结束日期\"},{\"filterable\":false,\"clearable\":true,\"__config__\":{\"formId\":102,\"document\":\"https://element.eleme.cn/#/zh-CN/component/select\",\"label\":\"请假类型\",\"showLabel\":true,\"required\":true,\"renderKey\":\"1021642138784910\",\"layout\":\"colFormItem\",\"tagIcon\":\"select\",\"changeTag\":true,\"tag\":\"el-select\",\"regList\":[{\"required\":true,\"message\":\"选择请假类型\",\"trigger\":\"change\"}],\"span\":24,\"defaultValue\":1},\"multiple\":false,\"__vModel__\":\"leavetype\",\"style\":{\"width\":\"100%\"},\"disabled\":false,\"placeholder\":\"选择请假类型\",\"__slot__\":{\"options\":[{\"label\":\"年假\",\"value\":1},{\"label\":\"调休\",\"value\":2}]}},{\"__config__\":{\"formId\":101,\"document\":\"https://element.eleme.cn/#/zh-CN/component/input\",\"label\":\"请假事由\",\"showLabel\":true,\"required\":true,\"renderKey\":\"1011642138726087\",\"layout\":\"colFormItem\",\"tagIcon\":\"textarea\",\"changeTag\":true,\"tag\":\"el-input\",\"regList\":[{\"required\":true,\"message\":\"请输入请假事由\",\"trigger\":\"blur\"}],\"span\":24,\"defaultValue\":\"111\"},\"readonly\":false,\"__vModel__\":\"leavereason\",\"style\":{\"width\":\"100%\"},\"disabled\":false,\"placeholder\":\"请输入请假事由\",\"show-word-limit\":false,\"type\":\"textarea\",\"autosize\":{\"minRows\":4,\"maxRows\":4}}],\"span\":24},\"INITIATOR\":\"\"}', '1', '2022-12-22 05:51:21', NULL, NULL);
INSERT INTO `sys_form_data` (`Id`, `ProInstId`, `FormData`, `Creator`, `CreateTime`, `Modifier`, `ModifyTime`) VALUES ('765782361597153280', 'd3dd178f-81bc-11ed-a8a2-ce4fe10f37b9', '{\"leavetime\":[\"2022-12-22\",\"2022-12-23\"],\"leavetype\":1,\"leavereason\":\"111\",\"variables\":{\"formRef\":\"leave\",\"gutter\":15,\"size\":\"medium\",\"formRules\":\"rules\",\"labelPosition\":\"right\",\"formBtns\":false,\"labelWidth\":100,\"disabled\":true,\"formModel\":\"leaveForm\",\"fields\":[{\"clearable\":true,\"__config__\":{\"formId\":101,\"defaultValue\":[\"2022-12-22\",\"2022-12-23\"],\"document\":\"https://element.eleme.cn/#/zh-CN/component/date-picker\",\"label\":\"请假时间\",\"showLabel\":true,\"required\":true,\"renderKey\":\"1011642138808994\",\"layout\":\"colFormItem\",\"tagIcon\":\"date-range\",\"changeTag\":true,\"tag\":\"el-date-picker\",\"regList\":[{\"required\":true,\"message\":\"请假时间不能为空\",\"trigger\":\"change\"}],\"span\":24},\"range-separator\":\"至\",\"readonly\":false,\"start-placeholder\":\"开始日期\",\"format\":\"yyyy-MM-dd\",\"value-format\":\"yyyy-MM-dd\",\"__vModel__\":\"leavetime\",\"style\":{\"width\":\"100%\"},\"disabled\":false,\"type\":\"daterange\",\"end-placeholder\":\"结束日期\"},{\"filterable\":false,\"clearable\":true,\"__config__\":{\"formId\":102,\"document\":\"https://element.eleme.cn/#/zh-CN/component/select\",\"label\":\"请假类型\",\"showLabel\":true,\"required\":true,\"renderKey\":\"1021642138784910\",\"layout\":\"colFormItem\",\"tagIcon\":\"select\",\"changeTag\":true,\"tag\":\"el-select\",\"regList\":[{\"required\":true,\"message\":\"选择请假类型\",\"trigger\":\"change\"}],\"span\":24,\"defaultValue\":1},\"multiple\":false,\"__vModel__\":\"leavetype\",\"style\":{\"width\":\"100%\"},\"disabled\":false,\"placeholder\":\"选择请假类型\",\"__slot__\":{\"options\":[{\"label\":\"年假\",\"value\":1},{\"label\":\"调休\",\"value\":2}]}},{\"__config__\":{\"formId\":101,\"document\":\"https://element.eleme.cn/#/zh-CN/component/input\",\"label\":\"请假事由\",\"showLabel\":true,\"required\":true,\"renderKey\":\"1011642138726087\",\"layout\":\"colFormItem\",\"tagIcon\":\"textarea\",\"changeTag\":true,\"tag\":\"el-input\",\"regList\":[{\"required\":true,\"message\":\"请输入请假事由\",\"trigger\":\"blur\"}],\"span\":24,\"defaultValue\":\"111\"},\"readonly\":false,\"__vModel__\":\"leavereason\",\"style\":{\"width\":\"100%\"},\"disabled\":false,\"placeholder\":\"请输入请假事由\",\"show-word-limit\":false,\"type\":\"textarea\",\"autosize\":{\"minRows\":4,\"maxRows\":4}}],\"span\":24},\"INITIATOR\":\"\"}', '1', '2022-12-22 05:52:33', NULL, NULL);
INSERT INTO `sys_form_data` (`Id`, `ProInstId`, `FormData`, `Creator`, `CreateTime`, `Modifier`, `ModifyTime`) VALUES ('765782878318628864', '1d36dcb9-81bd-11ed-bbf8-e6f73822ffd4', '{\"leavetime\":[\"2022-12-22\",\"2022-12-23\"],\"leavetype\":1,\"leavereason\":\"111\",\"variables\":{\"formRef\":\"leave\",\"gutter\":15,\"size\":\"medium\",\"formRules\":\"rules\",\"labelPosition\":\"right\",\"formBtns\":false,\"labelWidth\":100,\"disabled\":true,\"formModel\":\"leaveForm\",\"fields\":[{\"clearable\":true,\"__config__\":{\"formId\":101,\"defaultValue\":[\"2022-12-22\",\"2022-12-23\"],\"document\":\"https://element.eleme.cn/#/zh-CN/component/date-picker\",\"label\":\"请假时间\",\"showLabel\":true,\"required\":true,\"renderKey\":\"1011642138808994\",\"layout\":\"colFormItem\",\"tagIcon\":\"date-range\",\"changeTag\":true,\"tag\":\"el-date-picker\",\"regList\":[{\"required\":true,\"message\":\"请假时间不能为空\",\"trigger\":\"change\"}],\"span\":24},\"range-separator\":\"至\",\"readonly\":false,\"start-placeholder\":\"开始日期\",\"format\":\"yyyy-MM-dd\",\"value-format\":\"yyyy-MM-dd\",\"__vModel__\":\"leavetime\",\"style\":{\"width\":\"100%\"},\"disabled\":false,\"type\":\"daterange\",\"end-placeholder\":\"结束日期\"},{\"filterable\":false,\"clearable\":true,\"__config__\":{\"formId\":102,\"document\":\"https://element.eleme.cn/#/zh-CN/component/select\",\"label\":\"请假类型\",\"showLabel\":true,\"required\":true,\"renderKey\":\"1021642138784910\",\"layout\":\"colFormItem\",\"tagIcon\":\"select\",\"changeTag\":true,\"tag\":\"el-select\",\"regList\":[{\"required\":true,\"message\":\"选择请假类型\",\"trigger\":\"change\"}],\"span\":24,\"defaultValue\":1},\"multiple\":false,\"__vModel__\":\"leavetype\",\"style\":{\"width\":\"100%\"},\"disabled\":false,\"placeholder\":\"选择请假类型\",\"__slot__\":{\"options\":[{\"label\":\"年假\",\"value\":1},{\"label\":\"调休\",\"value\":2}]}},{\"__config__\":{\"formId\":101,\"document\":\"https://element.eleme.cn/#/zh-CN/component/input\",\"label\":\"请假事由\",\"showLabel\":true,\"required\":true,\"renderKey\":\"1011642138726087\",\"layout\":\"colFormItem\",\"tagIcon\":\"textarea\",\"changeTag\":true,\"tag\":\"el-input\",\"regList\":[{\"required\":true,\"message\":\"请输入请假事由\",\"trigger\":\"blur\"}],\"span\":24,\"defaultValue\":\"111\"},\"readonly\":false,\"__vModel__\":\"leavereason\",\"style\":{\"width\":\"100%\"},\"disabled\":false,\"placeholder\":\"请输入请假事由\",\"show-word-limit\":false,\"type\":\"textarea\",\"autosize\":{\"minRows\":4,\"maxRows\":4}}],\"span\":24},\"INITIATOR\":\"\"}', '1', '2022-12-22 05:54:36', NULL, NULL);
INSERT INTO `sys_form_data` (`Id`, `ProInstId`, `FormData`, `Creator`, `CreateTime`, `Modifier`, `ModifyTime`) VALUES ('765783594374402048', '830be4b5-81bd-11ed-bbf8-e6f73822ffd4', '{\"leavetime\":[\"2022-12-22\",\"2022-12-24\"],\"leavetype\":1,\"leavereason\":\"111\",\"variables\":{\"formRef\":\"leave\",\"gutter\":15,\"size\":\"medium\",\"formRules\":\"rules\",\"labelPosition\":\"right\",\"formBtns\":false,\"labelWidth\":100,\"disabled\":true,\"formModel\":\"leaveForm\",\"fields\":[{\"clearable\":true,\"__config__\":{\"formId\":101,\"defaultValue\":[\"2022-12-22\",\"2022-12-24\"],\"document\":\"https://element.eleme.cn/#/zh-CN/component/date-picker\",\"label\":\"请假时间\",\"showLabel\":true,\"required\":true,\"renderKey\":\"1011642138808994\",\"layout\":\"colFormItem\",\"tagIcon\":\"date-range\",\"changeTag\":true,\"tag\":\"el-date-picker\",\"regList\":[{\"required\":true,\"message\":\"请假时间不能为空\",\"trigger\":\"change\"}],\"span\":24},\"range-separator\":\"至\",\"readonly\":false,\"start-placeholder\":\"开始日期\",\"format\":\"yyyy-MM-dd\",\"value-format\":\"yyyy-MM-dd\",\"__vModel__\":\"leavetime\",\"style\":{\"width\":\"100%\"},\"disabled\":false,\"type\":\"daterange\",\"end-placeholder\":\"结束日期\"},{\"filterable\":false,\"clearable\":true,\"__config__\":{\"formId\":102,\"document\":\"https://element.eleme.cn/#/zh-CN/component/select\",\"label\":\"请假类型\",\"showLabel\":true,\"required\":true,\"renderKey\":\"1021642138784910\",\"layout\":\"colFormItem\",\"tagIcon\":\"select\",\"changeTag\":true,\"tag\":\"el-select\",\"regList\":[{\"required\":true,\"message\":\"选择请假类型\",\"trigger\":\"change\"}],\"span\":24,\"defaultValue\":1},\"multiple\":false,\"__vModel__\":\"leavetype\",\"style\":{\"width\":\"100%\"},\"disabled\":false,\"placeholder\":\"选择请假类型\",\"__slot__\":{\"options\":[{\"label\":\"年假\",\"value\":1},{\"label\":\"调休\",\"value\":2}]}},{\"__config__\":{\"formId\":101,\"document\":\"https://element.eleme.cn/#/zh-CN/component/input\",\"label\":\"请假事由\",\"showLabel\":true,\"required\":true,\"renderKey\":\"1011642138726087\",\"layout\":\"colFormItem\",\"tagIcon\":\"textarea\",\"changeTag\":true,\"tag\":\"el-input\",\"regList\":[{\"required\":true,\"message\":\"请输入请假事由\",\"trigger\":\"blur\"}],\"span\":24,\"defaultValue\":\"111\"},\"readonly\":false,\"__vModel__\":\"leavereason\",\"style\":{\"width\":\"100%\"},\"disabled\":false,\"placeholder\":\"请输入请假事由\",\"show-word-limit\":false,\"type\":\"textarea\",\"autosize\":{\"minRows\":4,\"maxRows\":4}}],\"span\":24},\"INITIATOR\":\"\"}', '1', '2022-12-22 05:57:27', NULL, NULL);
INSERT INTO `sys_form_data` (`Id`, `ProInstId`, `FormData`, `Creator`, `CreateTime`, `Modifier`, `ModifyTime`) VALUES ('765791595911057408', 'f41a7815-81c1-11ed-8bb2-ce4fe10f37b9', '{\"leavetime\":[\"2022-12-22\",\"2022-12-24\"],\"leavetype\":1,\"leavereason\":\"111\",\"variables\":{\"formRef\":\"leave\",\"gutter\":15,\"size\":\"medium\",\"formRules\":\"rules\",\"labelPosition\":\"right\",\"formBtns\":false,\"labelWidth\":100,\"disabled\":true,\"formModel\":\"leaveForm\",\"fields\":[{\"clearable\":true,\"__config__\":{\"formId\":101,\"defaultValue\":[\"2022-12-22\",\"2022-12-24\"],\"document\":\"https://element.eleme.cn/#/zh-CN/component/date-picker\",\"label\":\"请假时间\",\"showLabel\":true,\"required\":true,\"renderKey\":\"1011642138808994\",\"layout\":\"colFormItem\",\"tagIcon\":\"date-range\",\"changeTag\":true,\"tag\":\"el-date-picker\",\"regList\":[{\"required\":true,\"message\":\"请假时间不能为空\",\"trigger\":\"change\"}],\"span\":24},\"range-separator\":\"至\",\"readonly\":false,\"start-placeholder\":\"开始日期\",\"format\":\"yyyy-MM-dd\",\"value-format\":\"yyyy-MM-dd\",\"__vModel__\":\"leavetime\",\"style\":{\"width\":\"100%\"},\"disabled\":false,\"type\":\"daterange\",\"end-placeholder\":\"结束日期\"},{\"filterable\":false,\"clearable\":true,\"__config__\":{\"formId\":102,\"document\":\"https://element.eleme.cn/#/zh-CN/component/select\",\"label\":\"请假类型\",\"showLabel\":true,\"required\":true,\"renderKey\":\"1021642138784910\",\"layout\":\"colFormItem\",\"tagIcon\":\"select\",\"changeTag\":true,\"tag\":\"el-select\",\"regList\":[{\"required\":true,\"message\":\"选择请假类型\",\"trigger\":\"change\"}],\"span\":24,\"defaultValue\":1},\"multiple\":false,\"__vModel__\":\"leavetype\",\"style\":{\"width\":\"100%\"},\"disabled\":false,\"placeholder\":\"选择请假类型\",\"__slot__\":{\"options\":[{\"label\":\"年假\",\"value\":1},{\"label\":\"调休\",\"value\":2}]}},{\"__config__\":{\"formId\":101,\"document\":\"https://element.eleme.cn/#/zh-CN/component/input\",\"label\":\"请假事由\",\"showLabel\":true,\"required\":true,\"renderKey\":\"1011642138726087\",\"layout\":\"colFormItem\",\"tagIcon\":\"textarea\",\"changeTag\":true,\"tag\":\"el-input\",\"regList\":[{\"required\":true,\"message\":\"请输入请假事由\",\"trigger\":\"blur\"}],\"span\":24,\"defaultValue\":\"111\"},\"readonly\":false,\"__vModel__\":\"leavereason\",\"style\":{\"width\":\"100%\"},\"disabled\":false,\"placeholder\":\"请输入请假事由\",\"show-word-limit\":false,\"type\":\"textarea\",\"autosize\":{\"minRows\":4,\"maxRows\":4}}],\"span\":24},\"INITIATOR\":\"\"}', '1', '2022-12-22 06:29:14', NULL, NULL);
INSERT INTO `sys_form_data` (`Id`, `ProInstId`, `FormData`, `Creator`, `CreateTime`, `Modifier`, `ModifyTime`) VALUES ('765797516225679360', '3d5cde26-81c5-11ed-9862-e6f73822ffd4', '{\"leavetime\":[\"2022-12-22\",\"2022-12-24\"],\"leavetype\":1,\"leavereason\":\"111\",\"variables\":{\"formRef\":\"leave\",\"gutter\":15,\"size\":\"medium\",\"formRules\":\"rules\",\"labelPosition\":\"right\",\"formBtns\":false,\"labelWidth\":100,\"disabled\":true,\"formModel\":\"leaveForm\",\"fields\":[{\"clearable\":true,\"__config__\":{\"formId\":101,\"defaultValue\":[\"2022-12-22\",\"2022-12-24\"],\"document\":\"https://element.eleme.cn/#/zh-CN/component/date-picker\",\"label\":\"请假时间\",\"showLabel\":true,\"required\":true,\"renderKey\":\"1011642138808994\",\"layout\":\"colFormItem\",\"tagIcon\":\"date-range\",\"changeTag\":true,\"tag\":\"el-date-picker\",\"regList\":[{\"required\":true,\"message\":\"请假时间不能为空\",\"trigger\":\"change\"}],\"span\":24},\"range-separator\":\"至\",\"readonly\":false,\"start-placeholder\":\"开始日期\",\"format\":\"yyyy-MM-dd\",\"value-format\":\"yyyy-MM-dd\",\"__vModel__\":\"leavetime\",\"style\":{\"width\":\"100%\"},\"disabled\":false,\"type\":\"daterange\",\"end-placeholder\":\"结束日期\"},{\"filterable\":false,\"clearable\":true,\"__config__\":{\"formId\":102,\"document\":\"https://element.eleme.cn/#/zh-CN/component/select\",\"label\":\"请假类型\",\"showLabel\":true,\"required\":true,\"renderKey\":\"1021642138784910\",\"layout\":\"colFormItem\",\"tagIcon\":\"select\",\"changeTag\":true,\"tag\":\"el-select\",\"regList\":[{\"required\":true,\"message\":\"选择请假类型\",\"trigger\":\"change\"}],\"span\":24,\"defaultValue\":1},\"multiple\":false,\"__vModel__\":\"leavetype\",\"style\":{\"width\":\"100%\"},\"disabled\":false,\"placeholder\":\"选择请假类型\",\"__slot__\":{\"options\":[{\"label\":\"年假\",\"value\":1},{\"label\":\"调休\",\"value\":2}]}},{\"__config__\":{\"formId\":101,\"document\":\"https://element.eleme.cn/#/zh-CN/component/input\",\"label\":\"请假事由\",\"showLabel\":true,\"required\":true,\"renderKey\":\"1011642138726087\",\"layout\":\"colFormItem\",\"tagIcon\":\"textarea\",\"changeTag\":true,\"tag\":\"el-input\",\"regList\":[{\"required\":true,\"message\":\"请输入请假事由\",\"trigger\":\"blur\"}],\"span\":24,\"defaultValue\":\"111\"},\"readonly\":false,\"__vModel__\":\"leavereason\",\"style\":{\"width\":\"100%\"},\"disabled\":false,\"placeholder\":\"请输入请假事由\",\"show-word-limit\":false,\"type\":\"textarea\",\"autosize\":{\"minRows\":4,\"maxRows\":4}}],\"span\":24},\"INITIATOR\":\"\"}', '1', '2022-12-22 06:52:46', NULL, NULL);
INSERT INTO `sys_form_data` (`Id`, `ProInstId`, `FormData`, `Creator`, `CreateTime`, `Modifier`, `ModifyTime`) VALUES ('765801365653032960', '6063ed81-81c7-11ed-9b2e-e6f73822ffd4', '{\"leavetime\":[\"2022-12-22\",\"2022-12-24\"],\"leavetype\":1,\"leavereason\":\"111\",\"variables\":{\"formRef\":\"leave\",\"gutter\":15,\"size\":\"medium\",\"formRules\":\"rules\",\"labelPosition\":\"right\",\"formBtns\":false,\"labelWidth\":100,\"disabled\":true,\"formModel\":\"leaveForm\",\"fields\":[{\"clearable\":true,\"__config__\":{\"formId\":101,\"defaultValue\":[\"2022-12-22\",\"2022-12-24\"],\"document\":\"https://element.eleme.cn/#/zh-CN/component/date-picker\",\"label\":\"请假时间\",\"showLabel\":true,\"required\":true,\"renderKey\":\"1011642138808994\",\"layout\":\"colFormItem\",\"tagIcon\":\"date-range\",\"changeTag\":true,\"tag\":\"el-date-picker\",\"regList\":[{\"required\":true,\"message\":\"请假时间不能为空\",\"trigger\":\"change\"}],\"span\":24},\"range-separator\":\"至\",\"readonly\":false,\"start-placeholder\":\"开始日期\",\"format\":\"yyyy-MM-dd\",\"value-format\":\"yyyy-MM-dd\",\"__vModel__\":\"leavetime\",\"style\":{\"width\":\"100%\"},\"disabled\":false,\"type\":\"daterange\",\"end-placeholder\":\"结束日期\"},{\"filterable\":false,\"clearable\":true,\"__config__\":{\"formId\":102,\"document\":\"https://element.eleme.cn/#/zh-CN/component/select\",\"label\":\"请假类型\",\"showLabel\":true,\"required\":true,\"renderKey\":\"1021642138784910\",\"layout\":\"colFormItem\",\"tagIcon\":\"select\",\"changeTag\":true,\"tag\":\"el-select\",\"regList\":[{\"required\":true,\"message\":\"选择请假类型\",\"trigger\":\"change\"}],\"span\":24,\"defaultValue\":1},\"multiple\":false,\"__vModel__\":\"leavetype\",\"style\":{\"width\":\"100%\"},\"disabled\":false,\"placeholder\":\"选择请假类型\",\"__slot__\":{\"options\":[{\"label\":\"年假\",\"value\":1},{\"label\":\"调休\",\"value\":2}]}},{\"__config__\":{\"formId\":101,\"document\":\"https://element.eleme.cn/#/zh-CN/component/input\",\"label\":\"请假事由\",\"showLabel\":true,\"required\":true,\"renderKey\":\"1011642138726087\",\"layout\":\"colFormItem\",\"tagIcon\":\"textarea\",\"changeTag\":true,\"tag\":\"el-input\",\"regList\":[{\"required\":true,\"message\":\"请输入请假事由\",\"trigger\":\"blur\"}],\"span\":24,\"defaultValue\":\"111\"},\"readonly\":false,\"__vModel__\":\"leavereason\",\"style\":{\"width\":\"100%\"},\"disabled\":false,\"placeholder\":\"请输入请假事由\",\"show-word-limit\":false,\"type\":\"textarea\",\"autosize\":{\"minRows\":4,\"maxRows\":4}}],\"span\":24},\"INITIATOR\":\"\"}', '1', '2022-12-22 07:08:04', NULL, NULL);
INSERT INTO `sys_form_data` (`Id`, `ProInstId`, `FormData`, `Creator`, `CreateTime`, `Modifier`, `ModifyTime`) VALUES ('765803665645768704', 'a75067c1-81c8-11ed-b810-e6f73822ffd4', '{\"leavetime\":[\"2022-12-22\",\"2022-12-24\"],\"leavetype\":1,\"leavereason\":\"11\",\"variables\":{\"formRef\":\"leave\",\"gutter\":15,\"size\":\"medium\",\"formRules\":\"rules\",\"labelPosition\":\"right\",\"formBtns\":false,\"labelWidth\":100,\"disabled\":true,\"formModel\":\"leaveForm\",\"fields\":[{\"clearable\":true,\"__config__\":{\"formId\":101,\"defaultValue\":[\"2022-12-22\",\"2022-12-24\"],\"document\":\"https://element.eleme.cn/#/zh-CN/component/date-picker\",\"label\":\"请假时间\",\"showLabel\":true,\"required\":true,\"renderKey\":\"1011642138808994\",\"layout\":\"colFormItem\",\"tagIcon\":\"date-range\",\"changeTag\":true,\"tag\":\"el-date-picker\",\"regList\":[{\"required\":true,\"message\":\"请假时间不能为空\",\"trigger\":\"change\"}],\"span\":24},\"range-separator\":\"至\",\"readonly\":false,\"start-placeholder\":\"开始日期\",\"format\":\"yyyy-MM-dd\",\"value-format\":\"yyyy-MM-dd\",\"__vModel__\":\"leavetime\",\"style\":{\"width\":\"100%\"},\"disabled\":false,\"type\":\"daterange\",\"end-placeholder\":\"结束日期\"},{\"filterable\":false,\"clearable\":true,\"__config__\":{\"formId\":102,\"document\":\"https://element.eleme.cn/#/zh-CN/component/select\",\"label\":\"请假类型\",\"showLabel\":true,\"required\":true,\"renderKey\":\"1021642138784910\",\"layout\":\"colFormItem\",\"tagIcon\":\"select\",\"changeTag\":true,\"tag\":\"el-select\",\"regList\":[{\"required\":true,\"message\":\"选择请假类型\",\"trigger\":\"change\"}],\"span\":24,\"defaultValue\":1},\"multiple\":false,\"__vModel__\":\"leavetype\",\"style\":{\"width\":\"100%\"},\"disabled\":false,\"placeholder\":\"选择请假类型\",\"__slot__\":{\"options\":[{\"label\":\"年假\",\"value\":1},{\"label\":\"调休\",\"value\":2}]}},{\"__config__\":{\"formId\":101,\"document\":\"https://element.eleme.cn/#/zh-CN/component/input\",\"label\":\"请假事由\",\"showLabel\":true,\"required\":true,\"renderKey\":\"1011642138726087\",\"layout\":\"colFormItem\",\"tagIcon\":\"textarea\",\"changeTag\":true,\"tag\":\"el-input\",\"regList\":[{\"required\":true,\"message\":\"请输入请假事由\",\"trigger\":\"blur\"}],\"span\":24,\"defaultValue\":\"11\"},\"readonly\":false,\"__vModel__\":\"leavereason\",\"style\":{\"width\":\"100%\"},\"disabled\":false,\"placeholder\":\"请输入请假事由\",\"show-word-limit\":false,\"type\":\"textarea\",\"autosize\":{\"minRows\":4,\"maxRows\":4}}],\"span\":24},\"INITIATOR\":\"\"}', '1', '2022-12-22 07:17:12', NULL, NULL);
INSERT INTO `sys_form_data` (`Id`, `ProInstId`, `FormData`, `Creator`, `CreateTime`, `Modifier`, `ModifyTime`) VALUES ('765811832698048512', '2fc96611-81cd-11ed-9cb3-e6f73822ffd4', '{\"leavetime\":[\"2022-12-22\",\"2022-12-24\"],\"leavetype\":1,\"leavereason\":\"111\",\"variables\":{\"formRef\":\"leave\",\"gutter\":15,\"size\":\"medium\",\"formRules\":\"rules\",\"labelPosition\":\"right\",\"formBtns\":false,\"labelWidth\":100,\"disabled\":true,\"formModel\":\"leaveForm\",\"fields\":[{\"clearable\":true,\"__config__\":{\"formId\":101,\"defaultValue\":[\"2022-12-22\",\"2022-12-24\"],\"document\":\"https://element.eleme.cn/#/zh-CN/component/date-picker\",\"label\":\"请假时间\",\"showLabel\":true,\"required\":true,\"renderKey\":\"1011642138808994\",\"layout\":\"colFormItem\",\"tagIcon\":\"date-range\",\"changeTag\":true,\"tag\":\"el-date-picker\",\"regList\":[{\"required\":true,\"message\":\"请假时间不能为空\",\"trigger\":\"change\"}],\"span\":24},\"range-separator\":\"至\",\"readonly\":false,\"start-placeholder\":\"开始日期\",\"format\":\"yyyy-MM-dd\",\"value-format\":\"yyyy-MM-dd\",\"__vModel__\":\"leavetime\",\"style\":{\"width\":\"100%\"},\"disabled\":false,\"type\":\"daterange\",\"end-placeholder\":\"结束日期\"},{\"filterable\":false,\"clearable\":true,\"__config__\":{\"formId\":102,\"document\":\"https://element.eleme.cn/#/zh-CN/component/select\",\"label\":\"请假类型\",\"showLabel\":true,\"required\":true,\"renderKey\":\"1021642138784910\",\"layout\":\"colFormItem\",\"tagIcon\":\"select\",\"changeTag\":true,\"tag\":\"el-select\",\"regList\":[{\"required\":true,\"message\":\"选择请假类型\",\"trigger\":\"change\"}],\"span\":24,\"defaultValue\":1},\"multiple\":false,\"__vModel__\":\"leavetype\",\"style\":{\"width\":\"100%\"},\"disabled\":false,\"placeholder\":\"选择请假类型\",\"__slot__\":{\"options\":[{\"label\":\"年假\",\"value\":1},{\"label\":\"调休\",\"value\":2}]}},{\"__config__\":{\"formId\":101,\"document\":\"https://element.eleme.cn/#/zh-CN/component/input\",\"label\":\"请假事由\",\"showLabel\":true,\"required\":true,\"renderKey\":\"1011642138726087\",\"layout\":\"colFormItem\",\"tagIcon\":\"textarea\",\"changeTag\":true,\"tag\":\"el-input\",\"regList\":[{\"required\":true,\"message\":\"请输入请假事由\",\"trigger\":\"blur\"}],\"span\":24,\"defaultValue\":\"111\"},\"readonly\":false,\"__vModel__\":\"leavereason\",\"style\":{\"width\":\"100%\"},\"disabled\":false,\"placeholder\":\"请输入请假事由\",\"show-word-limit\":false,\"type\":\"textarea\",\"autosize\":{\"minRows\":4,\"maxRows\":4}}],\"span\":24},\"INITIATOR\":\"\"}', '1', '2022-12-22 07:49:39', NULL, NULL);
INSERT INTO `sys_form_data` (`Id`, `ProInstId`, `FormData`, `Creator`, `CreateTime`, `Modifier`, `ModifyTime`) VALUES ('765812306163666944', '733b062a-81cd-11ed-9cb3-e6f73822ffd4', '{\"leavetime\":[\"2022-12-22\",\"2022-12-23\"],\"leavetype\":1,\"leavereason\":\"111\",\"variables\":{\"formRef\":\"leave\",\"gutter\":15,\"size\":\"medium\",\"formRules\":\"rules\",\"labelPosition\":\"right\",\"formBtns\":false,\"labelWidth\":100,\"disabled\":true,\"formModel\":\"leaveForm\",\"fields\":[{\"clearable\":true,\"__config__\":{\"formId\":101,\"defaultValue\":[\"2022-12-22\",\"2022-12-23\"],\"document\":\"https://element.eleme.cn/#/zh-CN/component/date-picker\",\"label\":\"请假时间\",\"showLabel\":true,\"required\":true,\"renderKey\":\"1011642138808994\",\"layout\":\"colFormItem\",\"tagIcon\":\"date-range\",\"changeTag\":true,\"tag\":\"el-date-picker\",\"regList\":[{\"required\":true,\"message\":\"请假时间不能为空\",\"trigger\":\"change\"}],\"span\":24},\"range-separator\":\"至\",\"readonly\":false,\"start-placeholder\":\"开始日期\",\"format\":\"yyyy-MM-dd\",\"value-format\":\"yyyy-MM-dd\",\"__vModel__\":\"leavetime\",\"style\":{\"width\":\"100%\"},\"disabled\":false,\"type\":\"daterange\",\"end-placeholder\":\"结束日期\"},{\"filterable\":false,\"clearable\":true,\"__config__\":{\"formId\":102,\"document\":\"https://element.eleme.cn/#/zh-CN/component/select\",\"label\":\"请假类型\",\"showLabel\":true,\"required\":true,\"renderKey\":\"1021642138784910\",\"layout\":\"colFormItem\",\"tagIcon\":\"select\",\"changeTag\":true,\"tag\":\"el-select\",\"regList\":[{\"required\":true,\"message\":\"选择请假类型\",\"trigger\":\"change\"}],\"span\":24,\"defaultValue\":1},\"multiple\":false,\"__vModel__\":\"leavetype\",\"style\":{\"width\":\"100%\"},\"disabled\":false,\"placeholder\":\"选择请假类型\",\"__slot__\":{\"options\":[{\"label\":\"年假\",\"value\":1},{\"label\":\"调休\",\"value\":2}]}},{\"__config__\":{\"formId\":101,\"document\":\"https://element.eleme.cn/#/zh-CN/component/input\",\"label\":\"请假事由\",\"showLabel\":true,\"required\":true,\"renderKey\":\"1011642138726087\",\"layout\":\"colFormItem\",\"tagIcon\":\"textarea\",\"changeTag\":true,\"tag\":\"el-input\",\"regList\":[{\"required\":true,\"message\":\"请输入请假事由\",\"trigger\":\"blur\"}],\"span\":24,\"defaultValue\":\"111\"},\"readonly\":false,\"__vModel__\":\"leavereason\",\"style\":{\"width\":\"100%\"},\"disabled\":false,\"placeholder\":\"请输入请假事由\",\"show-word-limit\":false,\"type\":\"textarea\",\"autosize\":{\"minRows\":4,\"maxRows\":4}}],\"span\":24},\"INITIATOR\":\"\"}', '1', '2022-12-22 07:51:32', NULL, NULL);
INSERT INTO `sys_form_data` (`Id`, `ProInstId`, `FormData`, `Creator`, `CreateTime`, `Modifier`, `ModifyTime`) VALUES ('765813775969423360', '4419059e-81ce-11ed-9cb3-e6f73822ffd4', '{\"leavetime\":[\"2022-12-22\",\"2022-12-23\"],\"leavetype\":1,\"leavereason\":\"11\",\"variables\":{\"formRef\":\"leave\",\"gutter\":15,\"size\":\"medium\",\"formRules\":\"rules\",\"labelPosition\":\"right\",\"formBtns\":false,\"labelWidth\":100,\"disabled\":true,\"formModel\":\"leaveForm\",\"fields\":[{\"clearable\":true,\"__config__\":{\"formId\":101,\"defaultValue\":[\"2022-12-22\",\"2022-12-23\"],\"document\":\"https://element.eleme.cn/#/zh-CN/component/date-picker\",\"label\":\"请假时间\",\"showLabel\":true,\"required\":true,\"renderKey\":\"1011642138808994\",\"layout\":\"colFormItem\",\"tagIcon\":\"date-range\",\"changeTag\":true,\"tag\":\"el-date-picker\",\"regList\":[{\"required\":true,\"message\":\"请假时间不能为空\",\"trigger\":\"change\"}],\"span\":24},\"range-separator\":\"至\",\"readonly\":false,\"start-placeholder\":\"开始日期\",\"format\":\"yyyy-MM-dd\",\"value-format\":\"yyyy-MM-dd\",\"__vModel__\":\"leavetime\",\"style\":{\"width\":\"100%\"},\"disabled\":false,\"type\":\"daterange\",\"end-placeholder\":\"结束日期\"},{\"filterable\":false,\"clearable\":true,\"__config__\":{\"formId\":102,\"document\":\"https://element.eleme.cn/#/zh-CN/component/select\",\"label\":\"请假类型\",\"showLabel\":true,\"required\":true,\"renderKey\":\"1021642138784910\",\"layout\":\"colFormItem\",\"tagIcon\":\"select\",\"changeTag\":true,\"tag\":\"el-select\",\"regList\":[{\"required\":true,\"message\":\"选择请假类型\",\"trigger\":\"change\"}],\"span\":24,\"defaultValue\":1},\"multiple\":false,\"__vModel__\":\"leavetype\",\"style\":{\"width\":\"100%\"},\"disabled\":false,\"placeholder\":\"选择请假类型\",\"__slot__\":{\"options\":[{\"label\":\"年假\",\"value\":1},{\"label\":\"调休\",\"value\":2}]}},{\"__config__\":{\"formId\":101,\"document\":\"https://element.eleme.cn/#/zh-CN/component/input\",\"label\":\"请假事由\",\"showLabel\":true,\"required\":true,\"renderKey\":\"1011642138726087\",\"layout\":\"colFormItem\",\"tagIcon\":\"textarea\",\"changeTag\":true,\"tag\":\"el-input\",\"regList\":[{\"required\":true,\"message\":\"请输入请假事由\",\"trigger\":\"blur\"}],\"span\":24,\"defaultValue\":\"11\"},\"readonly\":false,\"__vModel__\":\"leavereason\",\"style\":{\"width\":\"100%\"},\"disabled\":false,\"placeholder\":\"请输入请假事由\",\"show-word-limit\":false,\"type\":\"textarea\",\"autosize\":{\"minRows\":4,\"maxRows\":4}}],\"span\":24},\"INITIATOR\":\"\"}', '1', '2022-12-22 07:57:23', NULL, NULL);
INSERT INTO `sys_form_data` (`Id`, `ProInstId`, `FormData`, `Creator`, `CreateTime`, `Modifier`, `ModifyTime`) VALUES ('765814273875251200', '8adc1aa8-81ce-11ed-9cb3-e6f73822ffd4', '{\"leavetime\":[\"2022-12-22\",\"2022-12-23\"],\"leavetype\":1,\"leavereason\":\"22\",\"variables\":{\"formRef\":\"leave\",\"gutter\":15,\"size\":\"medium\",\"formRules\":\"rules\",\"labelPosition\":\"right\",\"formBtns\":false,\"labelWidth\":100,\"disabled\":true,\"formModel\":\"leaveForm\",\"fields\":[{\"clearable\":true,\"__config__\":{\"formId\":101,\"defaultValue\":[\"2022-12-22\",\"2022-12-23\"],\"document\":\"https://element.eleme.cn/#/zh-CN/component/date-picker\",\"label\":\"请假时间\",\"showLabel\":true,\"required\":true,\"renderKey\":\"1011642138808994\",\"layout\":\"colFormItem\",\"tagIcon\":\"date-range\",\"changeTag\":true,\"tag\":\"el-date-picker\",\"regList\":[{\"required\":true,\"message\":\"请假时间不能为空\",\"trigger\":\"change\"}],\"span\":24},\"range-separator\":\"至\",\"readonly\":false,\"start-placeholder\":\"开始日期\",\"format\":\"yyyy-MM-dd\",\"value-format\":\"yyyy-MM-dd\",\"__vModel__\":\"leavetime\",\"style\":{\"width\":\"100%\"},\"disabled\":false,\"type\":\"daterange\",\"end-placeholder\":\"结束日期\"},{\"filterable\":false,\"clearable\":true,\"__config__\":{\"formId\":102,\"document\":\"https://element.eleme.cn/#/zh-CN/component/select\",\"label\":\"请假类型\",\"showLabel\":true,\"required\":true,\"renderKey\":\"1021642138784910\",\"layout\":\"colFormItem\",\"tagIcon\":\"select\",\"changeTag\":true,\"tag\":\"el-select\",\"regList\":[{\"required\":true,\"message\":\"选择请假类型\",\"trigger\":\"change\"}],\"span\":24,\"defaultValue\":1},\"multiple\":false,\"__vModel__\":\"leavetype\",\"style\":{\"width\":\"100%\"},\"disabled\":false,\"placeholder\":\"选择请假类型\",\"__slot__\":{\"options\":[{\"label\":\"年假\",\"value\":1},{\"label\":\"调休\",\"value\":2}]}},{\"__config__\":{\"formId\":101,\"document\":\"https://element.eleme.cn/#/zh-CN/component/input\",\"label\":\"请假事由\",\"showLabel\":true,\"required\":true,\"renderKey\":\"1011642138726087\",\"layout\":\"colFormItem\",\"tagIcon\":\"textarea\",\"changeTag\":true,\"tag\":\"el-input\",\"regList\":[{\"required\":true,\"message\":\"请输入请假事由\",\"trigger\":\"blur\"}],\"span\":24,\"defaultValue\":\"22\"},\"readonly\":false,\"__vModel__\":\"leavereason\",\"style\":{\"width\":\"100%\"},\"disabled\":false,\"placeholder\":\"请输入请假事由\",\"show-word-limit\":false,\"type\":\"textarea\",\"autosize\":{\"minRows\":4,\"maxRows\":4}}],\"span\":24},\"INITIATOR\":\"\"}', '1', '2022-12-22 07:59:21', NULL, NULL);
INSERT INTO `sys_form_data` (`Id`, `ProInstId`, `FormData`, `Creator`, `CreateTime`, `Modifier`, `ModifyTime`) VALUES ('765814680953425920', 'c4b5faf0-81ce-11ed-9cb3-e6f73822ffd4', '{\"leavetime\":[\"2022-12-22\",\"2022-12-24\"],\"leavetype\":1,\"leavereason\":\"222\",\"variables\":{\"formRef\":\"leave\",\"gutter\":15,\"size\":\"medium\",\"formRules\":\"rules\",\"labelPosition\":\"right\",\"formBtns\":false,\"labelWidth\":100,\"disabled\":true,\"formModel\":\"leaveForm\",\"fields\":[{\"clearable\":true,\"__config__\":{\"formId\":101,\"defaultValue\":[\"2022-12-22\",\"2022-12-24\"],\"document\":\"https://element.eleme.cn/#/zh-CN/component/date-picker\",\"label\":\"请假时间\",\"showLabel\":true,\"required\":true,\"renderKey\":\"1011642138808994\",\"layout\":\"colFormItem\",\"tagIcon\":\"date-range\",\"changeTag\":true,\"tag\":\"el-date-picker\",\"regList\":[{\"required\":true,\"message\":\"请假时间不能为空\",\"trigger\":\"change\"}],\"span\":24},\"range-separator\":\"至\",\"readonly\":false,\"start-placeholder\":\"开始日期\",\"format\":\"yyyy-MM-dd\",\"value-format\":\"yyyy-MM-dd\",\"__vModel__\":\"leavetime\",\"style\":{\"width\":\"100%\"},\"disabled\":false,\"type\":\"daterange\",\"end-placeholder\":\"结束日期\"},{\"filterable\":false,\"clearable\":true,\"__config__\":{\"formId\":102,\"document\":\"https://element.eleme.cn/#/zh-CN/component/select\",\"label\":\"请假类型\",\"showLabel\":true,\"required\":true,\"renderKey\":\"1021642138784910\",\"layout\":\"colFormItem\",\"tagIcon\":\"select\",\"changeTag\":true,\"tag\":\"el-select\",\"regList\":[{\"required\":true,\"message\":\"选择请假类型\",\"trigger\":\"change\"}],\"span\":24,\"defaultValue\":1},\"multiple\":false,\"__vModel__\":\"leavetype\",\"style\":{\"width\":\"100%\"},\"disabled\":false,\"placeholder\":\"选择请假类型\",\"__slot__\":{\"options\":[{\"label\":\"年假\",\"value\":1},{\"label\":\"调休\",\"value\":2}]}},{\"__config__\":{\"formId\":101,\"document\":\"https://element.eleme.cn/#/zh-CN/component/input\",\"label\":\"请假事由\",\"showLabel\":true,\"required\":true,\"renderKey\":\"1011642138726087\",\"layout\":\"colFormItem\",\"tagIcon\":\"textarea\",\"changeTag\":true,\"tag\":\"el-input\",\"regList\":[{\"required\":true,\"message\":\"请输入请假事由\",\"trigger\":\"blur\"}],\"span\":24,\"defaultValue\":\"222\"},\"readonly\":false,\"__vModel__\":\"leavereason\",\"style\":{\"width\":\"100%\"},\"disabled\":false,\"placeholder\":\"请输入请假事由\",\"show-word-limit\":false,\"type\":\"textarea\",\"autosize\":{\"minRows\":4,\"maxRows\":4}}],\"span\":24},\"INITIATOR\":\"\"}', '1', '2022-12-22 08:00:58', NULL, NULL);
INSERT INTO `sys_form_data` (`Id`, `ProInstId`, `FormData`, `Creator`, `CreateTime`, `Modifier`, `ModifyTime`) VALUES ('765820045266915328', 'bef776b7-81d1-11ed-be3b-e6f73822ffd4', '{\"leavetime\":[\"2022-12-22\",\"2022-12-24\"],\"leavetype\":1,\"leavereason\":\"22\",\"variables\":{\"formRef\":\"leave\",\"gutter\":15,\"size\":\"medium\",\"formRules\":\"rules\",\"labelPosition\":\"right\",\"formBtns\":false,\"labelWidth\":100,\"disabled\":true,\"formModel\":\"leaveForm\",\"fields\":[{\"clearable\":true,\"__config__\":{\"formId\":101,\"defaultValue\":[\"2022-12-22\",\"2022-12-24\"],\"document\":\"https://element.eleme.cn/#/zh-CN/component/date-picker\",\"label\":\"请假时间\",\"showLabel\":true,\"required\":true,\"renderKey\":\"1011642138808994\",\"layout\":\"colFormItem\",\"tagIcon\":\"date-range\",\"changeTag\":true,\"tag\":\"el-date-picker\",\"regList\":[{\"required\":true,\"message\":\"请假时间不能为空\",\"trigger\":\"change\"}],\"span\":24},\"range-separator\":\"至\",\"readonly\":false,\"start-placeholder\":\"开始日期\",\"format\":\"yyyy-MM-dd\",\"value-format\":\"yyyy-MM-dd\",\"__vModel__\":\"leavetime\",\"style\":{\"width\":\"100%\"},\"disabled\":false,\"type\":\"daterange\",\"end-placeholder\":\"结束日期\"},{\"filterable\":false,\"clearable\":true,\"__config__\":{\"formId\":102,\"document\":\"https://element.eleme.cn/#/zh-CN/component/select\",\"label\":\"请假类型\",\"showLabel\":true,\"required\":true,\"renderKey\":\"1021642138784910\",\"layout\":\"colFormItem\",\"tagIcon\":\"select\",\"changeTag\":true,\"tag\":\"el-select\",\"regList\":[{\"required\":true,\"message\":\"选择请假类型\",\"trigger\":\"change\"}],\"span\":24,\"defaultValue\":1},\"multiple\":false,\"__vModel__\":\"leavetype\",\"style\":{\"width\":\"100%\"},\"disabled\":false,\"placeholder\":\"选择请假类型\",\"__slot__\":{\"options\":[{\"label\":\"年假\",\"value\":1},{\"label\":\"调休\",\"value\":2}]}},{\"__config__\":{\"formId\":101,\"document\":\"https://element.eleme.cn/#/zh-CN/component/input\",\"label\":\"请假事由\",\"showLabel\":true,\"required\":true,\"renderKey\":\"1011642138726087\",\"layout\":\"colFormItem\",\"tagIcon\":\"textarea\",\"changeTag\":true,\"tag\":\"el-input\",\"regList\":[{\"required\":true,\"message\":\"请输入请假事由\",\"trigger\":\"blur\"}],\"span\":24,\"defaultValue\":\"22\"},\"readonly\":false,\"__vModel__\":\"leavereason\",\"style\":{\"width\":\"100%\"},\"disabled\":false,\"placeholder\":\"请输入请假事由\",\"show-word-limit\":false,\"type\":\"textarea\",\"autosize\":{\"minRows\":4,\"maxRows\":4}}],\"span\":24},\"INITIATOR\":\"\"}', '1', '2022-12-22 08:22:17', NULL, NULL);
INSERT INTO `sys_form_data` (`Id`, `ProInstId`, `FormData`, `Creator`, `CreateTime`, `Modifier`, `ModifyTime`) VALUES ('788244641261686784', 'e597e9cf-b271-11ed-bc63-ce4fe10f37b8', '{\"leavetime\":[\"2023-02-22\",\"2023-02-24\"],\"leavetype\":1,\"leavereason\":\"111\",\"variables\":{\"formRef\":\"leave\",\"gutter\":15,\"size\":\"medium\",\"formRules\":\"rules\",\"labelPosition\":\"right\",\"formBtns\":false,\"labelWidth\":100,\"disabled\":true,\"formModel\":\"leaveForm\",\"fields\":[{\"clearable\":true,\"__config__\":{\"formId\":101,\"defaultValue\":[\"2023-02-22\",\"2023-02-24\"],\"document\":\"https://element.eleme.cn/#/zh-CN/component/date-picker\",\"label\":\"请假时间\",\"showLabel\":true,\"required\":true,\"renderKey\":\"1011642138808994\",\"layout\":\"colFormItem\",\"tagIcon\":\"date-range\",\"changeTag\":true,\"tag\":\"el-date-picker\",\"regList\":[{\"required\":true,\"message\":\"请假时间不能为空\",\"trigger\":\"change\"}],\"span\":24},\"range-separator\":\"至\",\"readonly\":false,\"start-placeholder\":\"开始日期\",\"format\":\"yyyy-MM-dd\",\"value-format\":\"yyyy-MM-dd\",\"__vModel__\":\"leavetime\",\"style\":{\"width\":\"100%\"},\"disabled\":false,\"type\":\"daterange\",\"end-placeholder\":\"结束日期\"},{\"filterable\":false,\"clearable\":true,\"__config__\":{\"formId\":102,\"document\":\"https://element.eleme.cn/#/zh-CN/component/select\",\"label\":\"请假类型\",\"showLabel\":true,\"required\":true,\"renderKey\":\"1021642138784910\",\"layout\":\"colFormItem\",\"tagIcon\":\"select\",\"changeTag\":true,\"tag\":\"el-select\",\"regList\":[{\"required\":true,\"message\":\"选择请假类型\",\"trigger\":\"change\"}],\"span\":24,\"defaultValue\":1},\"multiple\":false,\"__vModel__\":\"leavetype\",\"style\":{\"width\":\"100%\"},\"disabled\":false,\"placeholder\":\"选择请假类型\",\"__slot__\":{\"options\":[{\"label\":\"年假\",\"value\":1},{\"label\":\"调休\",\"value\":2}]}},{\"__config__\":{\"formId\":101,\"document\":\"https://element.eleme.cn/#/zh-CN/component/input\",\"label\":\"请假事由\",\"showLabel\":true,\"required\":true,\"renderKey\":\"1011642138726087\",\"layout\":\"colFormItem\",\"tagIcon\":\"textarea\",\"changeTag\":true,\"tag\":\"el-input\",\"regList\":[{\"required\":true,\"message\":\"请输入请假事由\",\"trigger\":\"blur\"}],\"span\":24,\"defaultValue\":\"111\"},\"readonly\":false,\"__vModel__\":\"leavereason\",\"style\":{\"width\":\"100%\"},\"disabled\":false,\"placeholder\":\"请输入请假事由\",\"show-word-limit\":false,\"type\":\"textarea\",\"autosize\":{\"minRows\":4,\"maxRows\":4}}],\"span\":24},\"INITIATOR\":\"\"}', '1', '2023-02-22 05:29:38', NULL, NULL);
INSERT INTO `sys_form_data` (`Id`, `ProInstId`, `FormData`, `Creator`, `CreateTime`, `Modifier`, `ModifyTime`) VALUES ('788248880121778176', '4022668e-b274-11ed-a228-ce4fe10f37b8', '{\"leavetime\":[\"2023-02-22\",\"2023-02-24\"],\"leavetype\":1,\"leavereason\":\"111\",\"variables\":{\"formRef\":\"leave\",\"gutter\":15,\"size\":\"medium\",\"formRules\":\"rules\",\"labelPosition\":\"right\",\"formBtns\":false,\"labelWidth\":100,\"disabled\":true,\"formModel\":\"leaveForm\",\"fields\":[{\"clearable\":true,\"__config__\":{\"formId\":101,\"defaultValue\":[\"2023-02-22\",\"2023-02-24\"],\"document\":\"https://element.eleme.cn/#/zh-CN/component/date-picker\",\"label\":\"请假时间\",\"showLabel\":true,\"required\":true,\"renderKey\":\"1011642138808994\",\"layout\":\"colFormItem\",\"tagIcon\":\"date-range\",\"changeTag\":true,\"tag\":\"el-date-picker\",\"regList\":[{\"required\":true,\"message\":\"请假时间不能为空\",\"trigger\":\"change\"}],\"span\":24},\"range-separator\":\"至\",\"readonly\":false,\"start-placeholder\":\"开始日期\",\"format\":\"yyyy-MM-dd\",\"value-format\":\"yyyy-MM-dd\",\"__vModel__\":\"leavetime\",\"style\":{\"width\":\"100%\"},\"disabled\":false,\"type\":\"daterange\",\"end-placeholder\":\"结束日期\"},{\"filterable\":false,\"clearable\":true,\"__config__\":{\"formId\":102,\"document\":\"https://element.eleme.cn/#/zh-CN/component/select\",\"label\":\"请假类型\",\"showLabel\":true,\"required\":true,\"renderKey\":\"1021642138784910\",\"layout\":\"colFormItem\",\"tagIcon\":\"select\",\"changeTag\":true,\"tag\":\"el-select\",\"regList\":[{\"required\":true,\"message\":\"选择请假类型\",\"trigger\":\"change\"}],\"span\":24,\"defaultValue\":1},\"multiple\":false,\"__vModel__\":\"leavetype\",\"style\":{\"width\":\"100%\"},\"disabled\":false,\"placeholder\":\"选择请假类型\",\"__slot__\":{\"options\":[{\"label\":\"年假\",\"value\":1},{\"label\":\"调休\",\"value\":2}]}},{\"__config__\":{\"formId\":101,\"document\":\"https://element.eleme.cn/#/zh-CN/component/input\",\"label\":\"请假事由\",\"showLabel\":true,\"required\":true,\"renderKey\":\"1011642138726087\",\"layout\":\"colFormItem\",\"tagIcon\":\"textarea\",\"changeTag\":true,\"tag\":\"el-input\",\"regList\":[{\"required\":true,\"message\":\"请输入请假事由\",\"trigger\":\"blur\"}],\"span\":24,\"defaultValue\":\"111\"},\"readonly\":false,\"__vModel__\":\"leavereason\",\"style\":{\"width\":\"100%\"},\"disabled\":false,\"placeholder\":\"请输入请假事由\",\"show-word-limit\":false,\"type\":\"textarea\",\"autosize\":{\"minRows\":4,\"maxRows\":4}}],\"span\":24},\"INITIATOR\":\"\"}', '1', '2023-02-22 05:46:28', NULL, NULL);
INSERT INTO `sys_form_data` (`Id`, `ProInstId`, `FormData`, `Creator`, `CreateTime`, `Modifier`, `ModifyTime`) VALUES ('788605889421643776', '6e25817e-b33a-11ed-b511-ce4fe10f37b8', '{\"leavetime\":[\"2023-02-23\",\"2023-02-24\"],\"leavetype\":1,\"leavereason\":\"111\",\"variables\":{\"formRef\":\"leave\",\"gutter\":15,\"size\":\"medium\",\"formRules\":\"rules\",\"labelPosition\":\"right\",\"formBtns\":false,\"labelWidth\":100,\"disabled\":true,\"formModel\":\"leaveForm\",\"fields\":[{\"clearable\":true,\"__config__\":{\"formId\":101,\"defaultValue\":[\"2023-02-23\",\"2023-02-24\"],\"document\":\"https://element.eleme.cn/#/zh-CN/component/date-picker\",\"label\":\"请假时间\",\"showLabel\":true,\"required\":true,\"renderKey\":\"1011642138808994\",\"layout\":\"colFormItem\",\"tagIcon\":\"date-range\",\"changeTag\":true,\"tag\":\"el-date-picker\",\"regList\":[{\"required\":true,\"message\":\"请假时间不能为空\",\"trigger\":\"change\"}],\"span\":24},\"range-separator\":\"至\",\"readonly\":false,\"start-placeholder\":\"开始日期\",\"format\":\"yyyy-MM-dd\",\"value-format\":\"yyyy-MM-dd\",\"__vModel__\":\"leavetime\",\"style\":{\"width\":\"100%\"},\"disabled\":false,\"type\":\"daterange\",\"end-placeholder\":\"结束日期\"},{\"filterable\":false,\"clearable\":true,\"__config__\":{\"formId\":102,\"document\":\"https://element.eleme.cn/#/zh-CN/component/select\",\"label\":\"请假类型\",\"showLabel\":true,\"required\":true,\"renderKey\":\"1021642138784910\",\"layout\":\"colFormItem\",\"tagIcon\":\"select\",\"changeTag\":true,\"tag\":\"el-select\",\"regList\":[{\"required\":true,\"message\":\"选择请假类型\",\"trigger\":\"change\"}],\"span\":24,\"defaultValue\":1},\"multiple\":false,\"__vModel__\":\"leavetype\",\"style\":{\"width\":\"100%\"},\"disabled\":false,\"placeholder\":\"选择请假类型\",\"__slot__\":{\"options\":[{\"label\":\"年假\",\"value\":1},{\"label\":\"调休\",\"value\":2}]}},{\"__config__\":{\"formId\":101,\"document\":\"https://element.eleme.cn/#/zh-CN/component/input\",\"label\":\"请假事由\",\"showLabel\":true,\"required\":true,\"renderKey\":\"1011642138726087\",\"layout\":\"colFormItem\",\"tagIcon\":\"textarea\",\"changeTag\":true,\"tag\":\"el-input\",\"regList\":[{\"required\":true,\"message\":\"请输入请假事由\",\"trigger\":\"blur\"}],\"span\":24,\"defaultValue\":\"111\"},\"readonly\":false,\"__vModel__\":\"leavereason\",\"style\":{\"width\":\"100%\"},\"disabled\":false,\"placeholder\":\"请输入请假事由\",\"show-word-limit\":false,\"type\":\"textarea\",\"autosize\":{\"minRows\":4,\"maxRows\":4}}],\"span\":24},\"INITIATOR\":\"\"}', '1', '2023-02-23 05:25:06', NULL, NULL);
INSERT INTO `sys_form_data` (`Id`, `ProInstId`, `FormData`, `Creator`, `CreateTime`, `Modifier`, `ModifyTime`) VALUES ('788606286316048384', 'a6a946ac-b33a-11ed-b511-ce4fe10f37b8', '{\"leavetime\":[\"2023-02-23\",\"2023-02-24\"],\"leavetype\":1,\"leavereason\":\"222\",\"variables\":{\"formRef\":\"leave\",\"gutter\":15,\"size\":\"medium\",\"formRules\":\"rules\",\"labelPosition\":\"right\",\"formBtns\":false,\"labelWidth\":100,\"disabled\":true,\"formModel\":\"leaveForm\",\"fields\":[{\"clearable\":true,\"__config__\":{\"formId\":101,\"defaultValue\":[\"2023-02-23\",\"2023-02-24\"],\"document\":\"https://element.eleme.cn/#/zh-CN/component/date-picker\",\"label\":\"请假时间\",\"showLabel\":true,\"required\":true,\"renderKey\":\"1011642138808994\",\"layout\":\"colFormItem\",\"tagIcon\":\"date-range\",\"changeTag\":true,\"tag\":\"el-date-picker\",\"regList\":[{\"required\":true,\"message\":\"请假时间不能为空\",\"trigger\":\"change\"}],\"span\":24},\"range-separator\":\"至\",\"readonly\":false,\"start-placeholder\":\"开始日期\",\"format\":\"yyyy-MM-dd\",\"value-format\":\"yyyy-MM-dd\",\"__vModel__\":\"leavetime\",\"style\":{\"width\":\"100%\"},\"disabled\":false,\"type\":\"daterange\",\"end-placeholder\":\"结束日期\"},{\"filterable\":false,\"clearable\":true,\"__config__\":{\"formId\":102,\"document\":\"https://element.eleme.cn/#/zh-CN/component/select\",\"label\":\"请假类型\",\"showLabel\":true,\"required\":true,\"renderKey\":\"1021642138784910\",\"layout\":\"colFormItem\",\"tagIcon\":\"select\",\"changeTag\":true,\"tag\":\"el-select\",\"regList\":[{\"required\":true,\"message\":\"选择请假类型\",\"trigger\":\"change\"}],\"span\":24,\"defaultValue\":1},\"multiple\":false,\"__vModel__\":\"leavetype\",\"style\":{\"width\":\"100%\"},\"disabled\":false,\"placeholder\":\"选择请假类型\",\"__slot__\":{\"options\":[{\"label\":\"年假\",\"value\":1},{\"label\":\"调休\",\"value\":2}]}},{\"__config__\":{\"formId\":101,\"document\":\"https://element.eleme.cn/#/zh-CN/component/input\",\"label\":\"请假事由\",\"showLabel\":true,\"required\":true,\"renderKey\":\"1011642138726087\",\"layout\":\"colFormItem\",\"tagIcon\":\"textarea\",\"changeTag\":true,\"tag\":\"el-input\",\"regList\":[{\"required\":true,\"message\":\"请输入请假事由\",\"trigger\":\"blur\"}],\"span\":24,\"defaultValue\":\"222\"},\"readonly\":false,\"__vModel__\":\"leavereason\",\"style\":{\"width\":\"100%\"},\"disabled\":false,\"placeholder\":\"请输入请假事由\",\"show-word-limit\":false,\"type\":\"textarea\",\"autosize\":{\"minRows\":4,\"maxRows\":4}}],\"span\":24},\"INITIATOR\":\"\"}', '1', '2023-02-23 05:26:40', NULL, NULL);
INSERT INTO `sys_form_data` (`Id`, `ProInstId`, `FormData`, `Creator`, `CreateTime`, `Modifier`, `ModifyTime`) VALUES ('788608489692991488', 'dfc38af5-b33b-11ed-b511-ce4fe10f37b8', '{\"leavetime\":[\"2023-02-23\",\"2023-02-24\"],\"leavetype\":1,\"leavereason\":\"333\",\"variables\":{\"formRef\":\"leave\",\"gutter\":15,\"size\":\"medium\",\"formRules\":\"rules\",\"labelPosition\":\"right\",\"formBtns\":false,\"labelWidth\":100,\"disabled\":true,\"formModel\":\"leaveForm\",\"fields\":[{\"clearable\":true,\"__config__\":{\"formId\":101,\"defaultValue\":[\"2023-02-23\",\"2023-02-24\"],\"document\":\"https://element.eleme.cn/#/zh-CN/component/date-picker\",\"label\":\"请假时间\",\"showLabel\":true,\"required\":true,\"renderKey\":\"1011642138808994\",\"layout\":\"colFormItem\",\"tagIcon\":\"date-range\",\"changeTag\":true,\"tag\":\"el-date-picker\",\"regList\":[{\"required\":true,\"message\":\"请假时间不能为空\",\"trigger\":\"change\"}],\"span\":24},\"range-separator\":\"至\",\"readonly\":false,\"start-placeholder\":\"开始日期\",\"format\":\"yyyy-MM-dd\",\"value-format\":\"yyyy-MM-dd\",\"__vModel__\":\"leavetime\",\"style\":{\"width\":\"100%\"},\"disabled\":false,\"type\":\"daterange\",\"end-placeholder\":\"结束日期\"},{\"filterable\":false,\"clearable\":true,\"__config__\":{\"formId\":102,\"document\":\"https://element.eleme.cn/#/zh-CN/component/select\",\"label\":\"请假类型\",\"showLabel\":true,\"required\":true,\"renderKey\":\"1021642138784910\",\"layout\":\"colFormItem\",\"tagIcon\":\"select\",\"changeTag\":true,\"tag\":\"el-select\",\"regList\":[{\"required\":true,\"message\":\"选择请假类型\",\"trigger\":\"change\"}],\"span\":24,\"defaultValue\":1},\"multiple\":false,\"__vModel__\":\"leavetype\",\"style\":{\"width\":\"100%\"},\"disabled\":false,\"placeholder\":\"选择请假类型\",\"__slot__\":{\"options\":[{\"label\":\"年假\",\"value\":1},{\"label\":\"调休\",\"value\":2}]}},{\"__config__\":{\"formId\":101,\"document\":\"https://element.eleme.cn/#/zh-CN/component/input\",\"label\":\"请假事由\",\"showLabel\":true,\"required\":true,\"renderKey\":\"1011642138726087\",\"layout\":\"colFormItem\",\"tagIcon\":\"textarea\",\"changeTag\":true,\"tag\":\"el-input\",\"regList\":[{\"required\":true,\"message\":\"请输入请假事由\",\"trigger\":\"blur\"}],\"span\":24,\"defaultValue\":\"333\"},\"readonly\":false,\"__vModel__\":\"leavereason\",\"style\":{\"width\":\"100%\"},\"disabled\":false,\"placeholder\":\"请输入请假事由\",\"show-word-limit\":false,\"type\":\"textarea\",\"autosize\":{\"minRows\":4,\"maxRows\":4}}],\"span\":24},\"INITIATOR\":\"\"}', '1', '2023-02-23 05:35:26', NULL, NULL);
INSERT INTO `sys_form_data` (`Id`, `ProInstId`, `FormData`, `Creator`, `CreateTime`, `Modifier`, `ModifyTime`) VALUES ('788611229362032640', '651d0152-b33d-11ed-b511-ce4fe10f37b8', '{\"leavetime\":[\"2023-02-23\",\"2023-02-24\"],\"leavetype\":1,\"leavereason\":\"44\",\"variables\":{\"formRef\":\"leave\",\"gutter\":15,\"size\":\"medium\",\"formRules\":\"rules\",\"labelPosition\":\"right\",\"formBtns\":false,\"labelWidth\":100,\"disabled\":true,\"formModel\":\"leaveForm\",\"fields\":[{\"clearable\":true,\"__config__\":{\"formId\":101,\"defaultValue\":[\"2023-02-23\",\"2023-02-24\"],\"document\":\"https://element.eleme.cn/#/zh-CN/component/date-picker\",\"label\":\"请假时间\",\"showLabel\":true,\"required\":true,\"renderKey\":\"1011642138808994\",\"layout\":\"colFormItem\",\"tagIcon\":\"date-range\",\"changeTag\":true,\"tag\":\"el-date-picker\",\"regList\":[{\"required\":true,\"message\":\"请假时间不能为空\",\"trigger\":\"change\"}],\"span\":24},\"range-separator\":\"至\",\"readonly\":false,\"start-placeholder\":\"开始日期\",\"format\":\"yyyy-MM-dd\",\"value-format\":\"yyyy-MM-dd\",\"__vModel__\":\"leavetime\",\"style\":{\"width\":\"100%\"},\"disabled\":false,\"type\":\"daterange\",\"end-placeholder\":\"结束日期\"},{\"filterable\":false,\"clearable\":true,\"__config__\":{\"formId\":102,\"document\":\"https://element.eleme.cn/#/zh-CN/component/select\",\"label\":\"请假类型\",\"showLabel\":true,\"required\":true,\"renderKey\":\"1021642138784910\",\"layout\":\"colFormItem\",\"tagIcon\":\"select\",\"changeTag\":true,\"tag\":\"el-select\",\"regList\":[{\"required\":true,\"message\":\"选择请假类型\",\"trigger\":\"change\"}],\"span\":24,\"defaultValue\":1},\"multiple\":false,\"__vModel__\":\"leavetype\",\"style\":{\"width\":\"100%\"},\"disabled\":false,\"placeholder\":\"选择请假类型\",\"__slot__\":{\"options\":[{\"label\":\"年假\",\"value\":1},{\"label\":\"调休\",\"value\":2}]}},{\"__config__\":{\"formId\":101,\"document\":\"https://element.eleme.cn/#/zh-CN/component/input\",\"label\":\"请假事由\",\"showLabel\":true,\"required\":true,\"renderKey\":\"1011642138726087\",\"layout\":\"colFormItem\",\"tagIcon\":\"textarea\",\"changeTag\":true,\"tag\":\"el-input\",\"regList\":[{\"required\":true,\"message\":\"请输入请假事由\",\"trigger\":\"blur\"}],\"span\":24,\"defaultValue\":\"44\"},\"readonly\":false,\"__vModel__\":\"leavereason\",\"style\":{\"width\":\"100%\"},\"disabled\":false,\"placeholder\":\"请输入请假事由\",\"show-word-limit\":false,\"type\":\"textarea\",\"autosize\":{\"minRows\":4,\"maxRows\":4}}],\"span\":24},\"INITIATOR\":\"\"}', '1', '2023-02-23 05:46:19', NULL, NULL);
INSERT INTO `sys_form_data` (`Id`, `ProInstId`, `FormData`, `Creator`, `CreateTime`, `Modifier`, `ModifyTime`) VALUES ('788613483435528192', 'a573b064-b33e-11ed-b511-ce4fe10f37b8', '{\"leavetime\":[\"2023-02-23\",\"2023-02-25\"],\"leavetype\":1,\"leavereason\":\"111\",\"variables\":{\"formRef\":\"leave\",\"gutter\":15,\"size\":\"medium\",\"formRules\":\"rules\",\"labelPosition\":\"right\",\"formBtns\":false,\"labelWidth\":100,\"disabled\":true,\"formModel\":\"leaveForm\",\"fields\":[{\"clearable\":true,\"__config__\":{\"formId\":101,\"defaultValue\":[\"2023-02-23\",\"2023-02-25\"],\"document\":\"https://element.eleme.cn/#/zh-CN/component/date-picker\",\"label\":\"请假时间\",\"showLabel\":true,\"required\":true,\"renderKey\":\"1011642138808994\",\"layout\":\"colFormItem\",\"tagIcon\":\"date-range\",\"changeTag\":true,\"tag\":\"el-date-picker\",\"regList\":[{\"required\":true,\"message\":\"请假时间不能为空\",\"trigger\":\"change\"}],\"span\":24},\"range-separator\":\"至\",\"readonly\":false,\"start-placeholder\":\"开始日期\",\"format\":\"yyyy-MM-dd\",\"value-format\":\"yyyy-MM-dd\",\"__vModel__\":\"leavetime\",\"style\":{\"width\":\"100%\"},\"disabled\":false,\"type\":\"daterange\",\"end-placeholder\":\"结束日期\"},{\"filterable\":false,\"clearable\":true,\"__config__\":{\"formId\":102,\"document\":\"https://element.eleme.cn/#/zh-CN/component/select\",\"label\":\"请假类型\",\"showLabel\":true,\"required\":true,\"renderKey\":\"1021642138784910\",\"layout\":\"colFormItem\",\"tagIcon\":\"select\",\"changeTag\":true,\"tag\":\"el-select\",\"regList\":[{\"required\":true,\"message\":\"选择请假类型\",\"trigger\":\"change\"}],\"span\":24,\"defaultValue\":1},\"multiple\":false,\"__vModel__\":\"leavetype\",\"style\":{\"width\":\"100%\"},\"disabled\":false,\"placeholder\":\"选择请假类型\",\"__slot__\":{\"options\":[{\"label\":\"年假\",\"value\":1},{\"label\":\"调休\",\"value\":2}]}},{\"__config__\":{\"formId\":101,\"document\":\"https://element.eleme.cn/#/zh-CN/component/input\",\"label\":\"请假事由\",\"showLabel\":true,\"required\":true,\"renderKey\":\"1011642138726087\",\"layout\":\"colFormItem\",\"tagIcon\":\"textarea\",\"changeTag\":true,\"tag\":\"el-input\",\"regList\":[{\"required\":true,\"message\":\"请输入请假事由\",\"trigger\":\"blur\"}],\"span\":24,\"defaultValue\":\"111\"},\"readonly\":false,\"__vModel__\":\"leavereason\",\"style\":{\"width\":\"100%\"},\"disabled\":false,\"placeholder\":\"请输入请假事由\",\"show-word-limit\":false,\"type\":\"textarea\",\"autosize\":{\"minRows\":4,\"maxRows\":4}}],\"span\":24},\"INITIATOR\":\"\"}', '1', '2023-02-23 05:55:16', NULL, NULL);
INSERT INTO `sys_form_data` (`Id`, `ProInstId`, `FormData`, `Creator`, `CreateTime`, `Modifier`, `ModifyTime`) VALUES ('788614244068364288', '11884c8f-b33f-11ed-b511-ce4fe10f37b8', '{\"leavetime\":[\"2023-02-23\",\"2023-02-24\"],\"leavetype\":1,\"leavereason\":\"111\",\"variables\":{\"formRef\":\"leave\",\"gutter\":15,\"size\":\"medium\",\"formRules\":\"rules\",\"labelPosition\":\"right\",\"formBtns\":false,\"labelWidth\":100,\"disabled\":true,\"formModel\":\"leaveForm\",\"fields\":[{\"clearable\":true,\"__config__\":{\"formId\":101,\"defaultValue\":[\"2023-02-23\",\"2023-02-24\"],\"document\":\"https://element.eleme.cn/#/zh-CN/component/date-picker\",\"label\":\"请假时间\",\"showLabel\":true,\"required\":true,\"renderKey\":\"1011642138808994\",\"layout\":\"colFormItem\",\"tagIcon\":\"date-range\",\"changeTag\":true,\"tag\":\"el-date-picker\",\"regList\":[{\"required\":true,\"message\":\"请假时间不能为空\",\"trigger\":\"change\"}],\"span\":24},\"range-separator\":\"至\",\"readonly\":false,\"start-placeholder\":\"开始日期\",\"format\":\"yyyy-MM-dd\",\"value-format\":\"yyyy-MM-dd\",\"__vModel__\":\"leavetime\",\"style\":{\"width\":\"100%\"},\"disabled\":false,\"type\":\"daterange\",\"end-placeholder\":\"结束日期\"},{\"filterable\":false,\"clearable\":true,\"__config__\":{\"formId\":102,\"document\":\"https://element.eleme.cn/#/zh-CN/component/select\",\"label\":\"请假类型\",\"showLabel\":true,\"required\":true,\"renderKey\":\"1021642138784910\",\"layout\":\"colFormItem\",\"tagIcon\":\"select\",\"changeTag\":true,\"tag\":\"el-select\",\"regList\":[{\"required\":true,\"message\":\"选择请假类型\",\"trigger\":\"change\"}],\"span\":24,\"defaultValue\":1},\"multiple\":false,\"__vModel__\":\"leavetype\",\"style\":{\"width\":\"100%\"},\"disabled\":false,\"placeholder\":\"选择请假类型\",\"__slot__\":{\"options\":[{\"label\":\"年假\",\"value\":1},{\"label\":\"调休\",\"value\":2}]}},{\"__config__\":{\"formId\":101,\"document\":\"https://element.eleme.cn/#/zh-CN/component/input\",\"label\":\"请假事由\",\"showLabel\":true,\"required\":true,\"renderKey\":\"1011642138726087\",\"layout\":\"colFormItem\",\"tagIcon\":\"textarea\",\"changeTag\":true,\"tag\":\"el-input\",\"regList\":[{\"required\":true,\"message\":\"请输入请假事由\",\"trigger\":\"blur\"}],\"span\":24,\"defaultValue\":\"111\"},\"readonly\":false,\"__vModel__\":\"leavereason\",\"style\":{\"width\":\"100%\"},\"disabled\":false,\"placeholder\":\"请输入请假事由\",\"show-word-limit\":false,\"type\":\"textarea\",\"autosize\":{\"minRows\":4,\"maxRows\":4}}],\"span\":24},\"INITIATOR\":\"\"}', '1', '2023-02-23 05:58:18', NULL, NULL);
INSERT INTO `sys_form_data` (`Id`, `ProInstId`, `FormData`, `Creator`, `CreateTime`, `Modifier`, `ModifyTime`) VALUES ('788615616864063488', 'd48d87ed-b33f-11ed-9d23-869ef1607803', '{\"leavetime\":[\"2023-02-23\",\"2023-03-02\"],\"leavetype\":1,\"leavereason\":\"11\",\"variables\":{\"formRef\":\"leave\",\"gutter\":15,\"size\":\"medium\",\"formRules\":\"rules\",\"labelPosition\":\"right\",\"formBtns\":false,\"labelWidth\":100,\"disabled\":true,\"formModel\":\"leaveForm\",\"fields\":[{\"clearable\":true,\"__config__\":{\"formId\":101,\"defaultValue\":[\"2023-02-23\",\"2023-03-02\"],\"document\":\"https://element.eleme.cn/#/zh-CN/component/date-picker\",\"label\":\"请假时间\",\"showLabel\":true,\"required\":true,\"renderKey\":\"1011642138808994\",\"layout\":\"colFormItem\",\"tagIcon\":\"date-range\",\"changeTag\":true,\"tag\":\"el-date-picker\",\"regList\":[{\"required\":true,\"message\":\"请假时间不能为空\",\"trigger\":\"change\"}],\"span\":24},\"range-separator\":\"至\",\"readonly\":false,\"start-placeholder\":\"开始日期\",\"format\":\"yyyy-MM-dd\",\"value-format\":\"yyyy-MM-dd\",\"__vModel__\":\"leavetime\",\"style\":{\"width\":\"100%\"},\"disabled\":false,\"type\":\"daterange\",\"end-placeholder\":\"结束日期\"},{\"filterable\":false,\"clearable\":true,\"__config__\":{\"formId\":102,\"document\":\"https://element.eleme.cn/#/zh-CN/component/select\",\"label\":\"请假类型\",\"showLabel\":true,\"required\":true,\"renderKey\":\"1021642138784910\",\"layout\":\"colFormItem\",\"tagIcon\":\"select\",\"changeTag\":true,\"tag\":\"el-select\",\"regList\":[{\"required\":true,\"message\":\"选择请假类型\",\"trigger\":\"change\"}],\"span\":24,\"defaultValue\":1},\"multiple\":false,\"__vModel__\":\"leavetype\",\"style\":{\"width\":\"100%\"},\"disabled\":false,\"placeholder\":\"选择请假类型\",\"__slot__\":{\"options\":[{\"label\":\"年假\",\"value\":1},{\"label\":\"调休\",\"value\":2}]}},{\"__config__\":{\"formId\":101,\"document\":\"https://element.eleme.cn/#/zh-CN/component/input\",\"label\":\"请假事由\",\"showLabel\":true,\"required\":true,\"renderKey\":\"1011642138726087\",\"layout\":\"colFormItem\",\"tagIcon\":\"textarea\",\"changeTag\":true,\"tag\":\"el-input\",\"regList\":[{\"required\":true,\"message\":\"请输入请假事由\",\"trigger\":\"blur\"}],\"span\":24,\"defaultValue\":\"11\"},\"readonly\":false,\"__vModel__\":\"leavereason\",\"style\":{\"width\":\"100%\"},\"disabled\":false,\"placeholder\":\"请输入请假事由\",\"show-word-limit\":false,\"type\":\"textarea\",\"autosize\":{\"minRows\":4,\"maxRows\":4}}],\"span\":24},\"INITIATOR\":\"\"}', '1', '2023-02-23 06:03:45', NULL, NULL);
INSERT INTO `sys_form_data` (`Id`, `ProInstId`, `FormData`, `Creator`, `CreateTime`, `Modifier`, `ModifyTime`) VALUES ('788616365073371136', '3ef44d28-b340-11ed-9d23-869ef1607803', '{\"leavetime\":[\"2023-02-23\",\"2023-02-24\"],\"leavetype\":1,\"leavereason\":\"111\",\"variables\":{\"formRef\":\"leave\",\"gutter\":15,\"size\":\"medium\",\"formRules\":\"rules\",\"labelPosition\":\"right\",\"formBtns\":false,\"labelWidth\":100,\"disabled\":true,\"formModel\":\"leaveForm\",\"fields\":[{\"clearable\":true,\"__config__\":{\"formId\":101,\"defaultValue\":[\"2023-02-23\",\"2023-02-24\"],\"document\":\"https://element.eleme.cn/#/zh-CN/component/date-picker\",\"label\":\"请假时间\",\"showLabel\":true,\"required\":true,\"renderKey\":\"1011642138808994\",\"layout\":\"colFormItem\",\"tagIcon\":\"date-range\",\"changeTag\":true,\"tag\":\"el-date-picker\",\"regList\":[{\"required\":true,\"message\":\"请假时间不能为空\",\"trigger\":\"change\"}],\"span\":24},\"range-separator\":\"至\",\"readonly\":false,\"start-placeholder\":\"开始日期\",\"format\":\"yyyy-MM-dd\",\"value-format\":\"yyyy-MM-dd\",\"__vModel__\":\"leavetime\",\"style\":{\"width\":\"100%\"},\"disabled\":false,\"type\":\"daterange\",\"end-placeholder\":\"结束日期\"},{\"filterable\":false,\"clearable\":true,\"__config__\":{\"formId\":102,\"document\":\"https://element.eleme.cn/#/zh-CN/component/select\",\"label\":\"请假类型\",\"showLabel\":true,\"required\":true,\"renderKey\":\"1021642138784910\",\"layout\":\"colFormItem\",\"tagIcon\":\"select\",\"changeTag\":true,\"tag\":\"el-select\",\"regList\":[{\"required\":true,\"message\":\"选择请假类型\",\"trigger\":\"change\"}],\"span\":24,\"defaultValue\":1},\"multiple\":false,\"__vModel__\":\"leavetype\",\"style\":{\"width\":\"100%\"},\"disabled\":false,\"placeholder\":\"选择请假类型\",\"__slot__\":{\"options\":[{\"label\":\"年假\",\"value\":1},{\"label\":\"调休\",\"value\":2}]}},{\"__config__\":{\"formId\":101,\"document\":\"https://element.eleme.cn/#/zh-CN/component/input\",\"label\":\"请假事由\",\"showLabel\":true,\"required\":true,\"renderKey\":\"1011642138726087\",\"layout\":\"colFormItem\",\"tagIcon\":\"textarea\",\"changeTag\":true,\"tag\":\"el-input\",\"regList\":[{\"required\":true,\"message\":\"请输入请假事由\",\"trigger\":\"blur\"}],\"span\":24,\"defaultValue\":\"111\"},\"readonly\":false,\"__vModel__\":\"leavereason\",\"style\":{\"width\":\"100%\"},\"disabled\":false,\"placeholder\":\"请输入请假事由\",\"show-word-limit\":false,\"type\":\"textarea\",\"autosize\":{\"minRows\":4,\"maxRows\":4}}],\"span\":24},\"INITIATOR\":\"\"}', '1', '2023-02-23 06:06:43', NULL, NULL);
INSERT INTO `sys_form_data` (`Id`, `ProInstId`, `FormData`, `Creator`, `CreateTime`, `Modifier`, `ModifyTime`) VALUES ('788619894701821952', '3477e76a-b342-11ed-abc3-869ef1607803', '{\"leavetime\":[\"2023-02-23\",\"2023-02-24\"],\"leavetype\":1,\"leavereason\":\"222\",\"variables\":{\"formRef\":\"leave\",\"gutter\":15,\"size\":\"medium\",\"formRules\":\"rules\",\"labelPosition\":\"right\",\"formBtns\":false,\"labelWidth\":100,\"disabled\":true,\"formModel\":\"leaveForm\",\"fields\":[{\"clearable\":true,\"__config__\":{\"formId\":101,\"defaultValue\":[\"2023-02-23\",\"2023-02-24\"],\"document\":\"https://element.eleme.cn/#/zh-CN/component/date-picker\",\"label\":\"请假时间\",\"showLabel\":true,\"required\":true,\"renderKey\":\"1011642138808994\",\"layout\":\"colFormItem\",\"tagIcon\":\"date-range\",\"changeTag\":true,\"tag\":\"el-date-picker\",\"regList\":[{\"required\":true,\"message\":\"请假时间不能为空\",\"trigger\":\"change\"}],\"span\":24},\"range-separator\":\"至\",\"readonly\":false,\"start-placeholder\":\"开始日期\",\"format\":\"yyyy-MM-dd\",\"value-format\":\"yyyy-MM-dd\",\"__vModel__\":\"leavetime\",\"style\":{\"width\":\"100%\"},\"disabled\":false,\"type\":\"daterange\",\"end-placeholder\":\"结束日期\"},{\"filterable\":false,\"clearable\":true,\"__config__\":{\"formId\":102,\"document\":\"https://element.eleme.cn/#/zh-CN/component/select\",\"label\":\"请假类型\",\"showLabel\":true,\"required\":true,\"renderKey\":\"1021642138784910\",\"layout\":\"colFormItem\",\"tagIcon\":\"select\",\"changeTag\":true,\"tag\":\"el-select\",\"regList\":[{\"required\":true,\"message\":\"选择请假类型\",\"trigger\":\"change\"}],\"span\":24,\"defaultValue\":1},\"multiple\":false,\"__vModel__\":\"leavetype\",\"style\":{\"width\":\"100%\"},\"disabled\":false,\"placeholder\":\"选择请假类型\",\"__slot__\":{\"options\":[{\"label\":\"年假\",\"value\":1},{\"label\":\"调休\",\"value\":2}]}},{\"__config__\":{\"formId\":101,\"document\":\"https://element.eleme.cn/#/zh-CN/component/input\",\"label\":\"请假事由\",\"showLabel\":true,\"required\":true,\"renderKey\":\"1011642138726087\",\"layout\":\"colFormItem\",\"tagIcon\":\"textarea\",\"changeTag\":true,\"tag\":\"el-input\",\"regList\":[{\"required\":true,\"message\":\"请输入请假事由\",\"trigger\":\"blur\"}],\"span\":24,\"defaultValue\":\"222\"},\"readonly\":false,\"__vModel__\":\"leavereason\",\"style\":{\"width\":\"100%\"},\"disabled\":false,\"placeholder\":\"请输入请假事由\",\"show-word-limit\":false,\"type\":\"textarea\",\"autosize\":{\"minRows\":4,\"maxRows\":4}}],\"span\":24},\"INITIATOR\":\"1\"}', '1', '2023-02-23 06:20:45', NULL, NULL);
INSERT INTO `sys_form_data` (`Id`, `ProInstId`, `FormData`, `Creator`, `CreateTime`, `Modifier`, `ModifyTime`) VALUES ('788626225030631424', 'b8058c96-b345-11ed-8617-ce4fe10f37b8', '{\"leavetime\":[\"2023-02-24\",\"2023-02-25\"],\"leavetype\":1,\"leavereason\":\"44\",\"variables\":{\"formRef\":\"leave\",\"gutter\":15,\"size\":\"medium\",\"formRules\":\"rules\",\"labelPosition\":\"right\",\"formBtns\":false,\"labelWidth\":100,\"disabled\":true,\"formModel\":\"leaveForm\",\"fields\":[{\"clearable\":true,\"__config__\":{\"formId\":101,\"defaultValue\":[\"2023-02-24\",\"2023-02-25\"],\"document\":\"https://element.eleme.cn/#/zh-CN/component/date-picker\",\"label\":\"请假时间\",\"showLabel\":true,\"required\":true,\"renderKey\":\"1011642138808994\",\"layout\":\"colFormItem\",\"tagIcon\":\"date-range\",\"changeTag\":true,\"tag\":\"el-date-picker\",\"regList\":[{\"required\":true,\"message\":\"请假时间不能为空\",\"trigger\":\"change\"}],\"span\":24},\"range-separator\":\"至\",\"readonly\":false,\"start-placeholder\":\"开始日期\",\"format\":\"yyyy-MM-dd\",\"value-format\":\"yyyy-MM-dd\",\"__vModel__\":\"leavetime\",\"style\":{\"width\":\"100%\"},\"disabled\":false,\"type\":\"daterange\",\"end-placeholder\":\"结束日期\"},{\"filterable\":false,\"clearable\":true,\"__config__\":{\"formId\":102,\"document\":\"https://element.eleme.cn/#/zh-CN/component/select\",\"label\":\"请假类型\",\"showLabel\":true,\"required\":true,\"renderKey\":\"1021642138784910\",\"layout\":\"colFormItem\",\"tagIcon\":\"select\",\"changeTag\":true,\"tag\":\"el-select\",\"regList\":[{\"required\":true,\"message\":\"选择请假类型\",\"trigger\":\"change\"}],\"span\":24,\"defaultValue\":1},\"multiple\":false,\"__vModel__\":\"leavetype\",\"style\":{\"width\":\"100%\"},\"disabled\":false,\"placeholder\":\"选择请假类型\",\"__slot__\":{\"options\":[{\"label\":\"年假\",\"value\":1},{\"label\":\"调休\",\"value\":2}]}},{\"__config__\":{\"formId\":101,\"document\":\"https://element.eleme.cn/#/zh-CN/component/input\",\"label\":\"请假事由\",\"showLabel\":true,\"required\":true,\"renderKey\":\"1011642138726087\",\"layout\":\"colFormItem\",\"tagIcon\":\"textarea\",\"changeTag\":true,\"tag\":\"el-input\",\"regList\":[{\"required\":true,\"message\":\"请输入请假事由\",\"trigger\":\"blur\"}],\"span\":24,\"defaultValue\":\"44\"},\"readonly\":false,\"__vModel__\":\"leavereason\",\"style\":{\"width\":\"100%\"},\"disabled\":false,\"placeholder\":\"请输入请假事由\",\"show-word-limit\":false,\"type\":\"textarea\",\"autosize\":{\"minRows\":4,\"maxRows\":4}}],\"span\":24},\"INITIATOR\":\"1\"}', '1', '2023-02-23 06:45:54', NULL, NULL);
COMMIT;

-- ----------------------------
-- Table structure for sys_log
-- ----------------------------
DROP TABLE IF EXISTS `sys_log`;
CREATE TABLE `sys_log` (
                           `Id` varchar(255) NOT NULL,
                           `HostIP` varchar(255) DEFAULT NULL,
                           `UserName` varchar(255) DEFAULT NULL,
                           `Url` varchar(255) DEFAULT NULL,
                           `Params` text,
                           `RequestMethod` varchar(255) DEFAULT NULL,
                           `Notes` text,
                           `ModifyTime` datetime DEFAULT NULL,
                           `CreateTime` datetime DEFAULT NULL,
                           PRIMARY KEY (`Id`) USING BTREE
) ENGINE=InnoDB DEFAULT CHARSET=utf8mb3 ROW_FORMAT=DYNAMIC;

-- ----------------------------
-- Records of sys_log
-- ----------------------------
BEGIN;
COMMIT;

-- ----------------------------
-- Table structure for sys_menu
-- ----------------------------
DROP TABLE IF EXISTS `sys_menu`;
CREATE TABLE `sys_menu` (
                            `Id` varchar(255) CHARACTER SET utf8 COLLATE utf8_general_ci NOT NULL COMMENT 'id',
                            `Name` varchar(255) CHARACTER SET utf8 COLLATE utf8_general_ci DEFAULT NULL COMMENT '权限名称',
                            `Description` varchar(255) CHARACTER SET utf8 COLLATE utf8_general_ci DEFAULT NULL COMMENT '权限描述',
                            `Path` varchar(255) CHARACTER SET utf8 COLLATE utf8_general_ci DEFAULT NULL COMMENT '路由地址',
                            `Url` varchar(255) CHARACTER SET utf8 COLLATE utf8_general_ci DEFAULT NULL COMMENT '授权链接',
                            `IsBlank` int DEFAULT '0' COMMENT '是否跳转 0 不跳转 1跳转',
                            `PId` varchar(255) CHARACTER SET utf8 COLLATE utf8_general_ci DEFAULT NULL COMMENT '父节点id',
                            `Icon` varchar(255) CHARACTER SET utf8 COLLATE utf8_general_ci DEFAULT NULL COMMENT '菜单图标',
                            `Order` int DEFAULT NULL COMMENT '排序',
                            `Visible` int DEFAULT NULL COMMENT '是否可见',
                            `Perms` varchar(255) CHARACTER SET utf8 COLLATE utf8_general_ci DEFAULT NULL,
                            `Type` int DEFAULT NULL,
                            `Creator` varchar(255) CHARACTER SET utf8 COLLATE utf8_general_ci DEFAULT NULL,
                            `CreateTime` datetime DEFAULT NULL,
                            `Modifier` varchar(255) CHARACTER SET utf8 COLLATE utf8_general_ci DEFAULT NULL,
                            `ModifyTime` datetime DEFAULT NULL,
                            PRIMARY KEY (`Id`) USING BTREE
) ENGINE=InnoDB DEFAULT CHARSET=utf8mb3 ROW_FORMAT=DYNAMIC COMMENT='菜单表';

-- ----------------------------
-- Records of sys_menu
-- ----------------------------
BEGIN;
INSERT INTO `sys_menu` (`Id`, `Name`, `Description`, `Path`, `Url`, `IsBlank`, `PId`, `Icon`, `Order`, `Visible`, `Perms`, `Type`, `Creator`, `CreateTime`, `Modifier`, `ModifyTime`) VALUES ('1', '系统管理', '系统管理', 'system', '#', 0, '0', 'system', 10, 0, 'sys', 0, NULL, '2020-01-23 18:17:06', '1', '2020-07-17 06:37:34');
INSERT INTO `sys_menu` (`Id`, `Name`, `Description`, `Path`, `Url`, `IsBlank`, `PId`, `Icon`, `Order`, `Visible`, `Perms`, `Type`, `Creator`, `CreateTime`, `Modifier`, `ModifyTime`) VALUES ('2', '菜单管理', '菜单管理', 'menu', '/system/menu/index', 0, '1', 'list', 1, 0, 'menu:list', 1, NULL, '2020-01-23 18:17:39', NULL, '2020-05-07 07:25:33');
INSERT INTO `sys_menu` (`Id`, `Name`, `Description`, `Path`, `Url`, `IsBlank`, `PId`, `Icon`, `Order`, `Visible`, `Perms`, `Type`, `Creator`, `CreateTime`, `Modifier`, `ModifyTime`) VALUES ('3', '组织用户', '用户管理', 'user', '/system/user/index', 0, '1', 'user', 2, 0, 'user:list', 1, NULL, '2020-01-24 15:27:25', '1', '2020-10-16 05:55:32');
INSERT INTO `sys_menu` (`Id`, `Name`, `Description`, `Path`, `Url`, `IsBlank`, `PId`, `Icon`, `Order`, `Visible`, `Perms`, `Type`, `Creator`, `CreateTime`, `Modifier`, `ModifyTime`) VALUES ('381295505541566464', '菜单新增/修改', '新增/修改', NULL, '#', NULL, '2', '', 1, 1, 'menu:edit', 2, NULL, '2020-01-26 06:19:03', NULL, '2020-01-29 05:41:40');
INSERT INTO `sys_menu` (`Id`, `Name`, `Description`, `Path`, `Url`, `IsBlank`, `PId`, `Icon`, `Order`, `Visible`, `Perms`, `Type`, `Creator`, `CreateTime`, `Modifier`, `ModifyTime`) VALUES ('381296514569474048', '定时任务', '定时任务', 'job', '/monitor/job/index', NULL, '1', 'job', 4, 0, 'quartz:list', 1, NULL, '2020-01-26 06:23:03', NULL, '2020-05-07 07:26:10');
INSERT INTO `sys_menu` (`Id`, `Name`, `Description`, `Path`, `Url`, `IsBlank`, `PId`, `Icon`, `Order`, `Visible`, `Perms`, `Type`, `Creator`, `CreateTime`, `Modifier`, `ModifyTime`) VALUES ('382382361008017408', '任务新增/修改', '新增/修改', NULL, '', NULL, '381296514569474048', '', 1, 1, 'quartz:edit', 2, NULL, '2020-01-29 06:17:49', NULL, NULL);
INSERT INTO `sys_menu` (`Id`, `Name`, `Description`, `Path`, `Url`, `IsBlank`, `PId`, `Icon`, `Order`, `Visible`, `Perms`, `Type`, `Creator`, `CreateTime`, `Modifier`, `ModifyTime`) VALUES ('382736944293089280', '任务日志', '任务日志', 'log', '/monitor/job/log', NULL, '1', 'log', 5, 0, 'quartz:logList', 1, NULL, '2020-01-30 05:46:49', NULL, '2020-05-07 07:26:22');
INSERT INTO `sys_menu` (`Id`, `Name`, `Description`, `Path`, `Url`, `IsBlank`, `PId`, `Icon`, `Order`, `Visible`, `Perms`, `Type`, `Creator`, `CreateTime`, `Modifier`, `ModifyTime`) VALUES ('383822600511557632', '菜单删除', '删除', NULL, '#', NULL, '2', '', 2, 1, 'menu:delete', 2, NULL, '2020-02-02 05:40:49', NULL, NULL);
INSERT INTO `sys_menu` (`Id`, `Name`, `Description`, `Path`, `Url`, `IsBlank`, `PId`, `Icon`, `Order`, `Visible`, `Perms`, `Type`, `Creator`, `CreateTime`, `Modifier`, `ModifyTime`) VALUES ('383822867416092672', '用户新增/修改', '新增/修改', NULL, '#', NULL, '3', '', 1, 1, 'user:edit', 2, NULL, '2020-02-02 05:41:53', NULL, NULL);
INSERT INTO `sys_menu` (`Id`, `Name`, `Description`, `Path`, `Url`, `IsBlank`, `PId`, `Icon`, `Order`, `Visible`, `Perms`, `Type`, `Creator`, `CreateTime`, `Modifier`, `ModifyTime`) VALUES ('383822981555687424', '用户删除', '删除', NULL, '#', NULL, '3', '', 2, 1, 'user:delete', 2, NULL, '2020-02-02 05:42:20', NULL, '2020-02-02 05:42:27');
INSERT INTO `sys_menu` (`Id`, `Name`, `Description`, `Path`, `Url`, `IsBlank`, `PId`, `Icon`, `Order`, `Visible`, `Perms`, `Type`, `Creator`, `CreateTime`, `Modifier`, `ModifyTime`) VALUES ('383823166725820416', '角色新增/修改', '新增/修改', NULL, '#', NULL, '4', '', 1, 1, 'role:edit', 2, NULL, '2020-02-02 05:43:04', NULL, NULL);
INSERT INTO `sys_menu` (`Id`, `Name`, `Description`, `Path`, `Url`, `IsBlank`, `PId`, `Icon`, `Order`, `Visible`, `Perms`, `Type`, `Creator`, `CreateTime`, `Modifier`, `ModifyTime`) VALUES ('383823257045962752', '角色删除', '删除', NULL, '#', NULL, '4', '', 2, 1, 'role:delete', 2, NULL, '2020-02-02 05:43:26', NULL, NULL);
INSERT INTO `sys_menu` (`Id`, `Name`, `Description`, `Path`, `Url`, `IsBlank`, `PId`, `Icon`, `Order`, `Visible`, `Perms`, `Type`, `Creator`, `CreateTime`, `Modifier`, `ModifyTime`) VALUES ('383823416903471104', '任务删除', '删除', NULL, '#', NULL, '381296514569474048', '', 2, 1, 'quartz:delete', 2, NULL, '2020-02-02 05:44:04', NULL, NULL);
INSERT INTO `sys_menu` (`Id`, `Name`, `Description`, `Path`, `Url`, `IsBlank`, `PId`, `Icon`, `Order`, `Visible`, `Perms`, `Type`, `Creator`, `CreateTime`, `Modifier`, `ModifyTime`) VALUES ('383838051287306240', '通用工具', '通用工具', 'tool', '#', NULL, '0', 'tool', 2, 0, '#', 1, NULL, '2020-02-02 06:42:13', NULL, '2020-05-07 07:26:48');
INSERT INTO `sys_menu` (`Id`, `Name`, `Description`, `Path`, `Url`, `IsBlank`, `PId`, `Icon`, `Order`, `Visible`, `Perms`, `Type`, `Creator`, `CreateTime`, `Modifier`, `ModifyTime`) VALUES ('4', '角色管理', '角色管理', 'role', '/system/role/index', 0, '1', 'peoples', 3, 0, 'role:list', 1, NULL, '2020-01-24 15:27:27', NULL, '2020-05-07 07:26:40');
INSERT INTO `sys_menu` (`Id`, `Name`, `Description`, `Path`, `Url`, `IsBlank`, `PId`, `Icon`, `Order`, `Visible`, `Perms`, `Type`, `Creator`, `CreateTime`, `Modifier`, `ModifyTime`) VALUES ('405938773428408320', '服务器信息类', '服务器信息类', 'service', '/monitor/server/index', NULL, '383838051287306240', 'server', 3, 0, '#', 1, NULL, '2020-04-03 06:22:36', '1', '2023-02-28 02:50:08');
INSERT INTO `sys_menu` (`Id`, `Name`, `Description`, `Path`, `Url`, `IsBlank`, `PId`, `Icon`, `Order`, `Visible`, `Perms`, `Type`, `Creator`, `CreateTime`, `Modifier`, `ModifyTime`) VALUES ('415363931222183936', '数据库监控', '数据库监控', 'druid', '/monitor/druid/index', NULL, '383838051287306240', 'druid', 5, 1, '#', 1, NULL, '2020-04-29 06:34:49', '1', '2022-12-14 08:08:18');
INSERT INTO `sys_menu` (`Id`, `Name`, `Description`, `Path`, `Url`, `IsBlank`, `PId`, `Icon`, `Order`, `Visible`, `Perms`, `Type`, `Creator`, `CreateTime`, `Modifier`, `ModifyTime`) VALUES ('418561360864088064', '删除', NULL, NULL, '#', NULL, '382736944293089280', NULL, 1, 0, 'quartz:logDelete', 2, NULL, '2020-05-08 02:20:15', NULL, NULL);
INSERT INTO `sys_menu` (`Id`, `Name`, `Description`, `Path`, `Url`, `IsBlank`, `PId`, `Icon`, `Order`, `Visible`, `Perms`, `Type`, `Creator`, `CreateTime`, `Modifier`, `ModifyTime`) VALUES ('421142300119404544', '系统接口', NULL, 'swagger', '/tool/swagger/index', NULL, '383838051287306240', 'swagger', 1, 0, '#', 1, '1', '2020-05-15 05:15:59', '1', '2022-12-21 07:38:49');
INSERT INTO `sys_menu` (`Id`, `Name`, `Description`, `Path`, `Url`, `IsBlank`, `PId`, `Icon`, `Order`, `Visible`, `Perms`, `Type`, `Creator`, `CreateTime`, `Modifier`, `ModifyTime`) VALUES ('434952738292502528', '系统模版', NULL, 'template', '/system/template/index', NULL, '1', 'tab', 7, 0, 'sysTemplate:list', 1, '1', '2020-06-22 07:53:44', '1', '2020-09-23 06:48:56');
INSERT INTO `sys_menu` (`Id`, `Name`, `Description`, `Path`, `Url`, `IsBlank`, `PId`, `Icon`, `Order`, `Visible`, `Perms`, `Type`, `Creator`, `CreateTime`, `Modifier`, `ModifyTime`) VALUES ('434953623361949696', '编辑', NULL, NULL, '#', NULL, '434952738292502528', NULL, 1, 0, 'sysTemplate:edit', 2, '1', '2020-06-22 07:57:15', '1', '2020-06-22 07:57:25');
INSERT INTO `sys_menu` (`Id`, `Name`, `Description`, `Path`, `Url`, `IsBlank`, `PId`, `Icon`, `Order`, `Visible`, `Perms`, `Type`, `Creator`, `CreateTime`, `Modifier`, `ModifyTime`) VALUES ('434953738826944512', '删除', NULL, NULL, '#', NULL, '434952738292502528', NULL, 2, 0, 'sysTemplate:delete', 2, '1', '2020-06-22 07:57:43', NULL, NULL);
INSERT INTO `sys_menu` (`Id`, `Name`, `Description`, `Path`, `Url`, `IsBlank`, `PId`, `Icon`, `Order`, `Visible`, `Perms`, `Type`, `Creator`, `CreateTime`, `Modifier`, `ModifyTime`) VALUES ('443992667446185984', '知识图谱', NULL, 'topo', '#', NULL, '0', 'chart', 1, 0, '#', 1, '1', '2020-07-17 06:35:11', '1', '2020-07-17 06:37:47');
INSERT INTO `sys_menu` (`Id`, `Name`, `Description`, `Path`, `Url`, `IsBlank`, `PId`, `Icon`, `Order`, `Visible`, `Perms`, `Type`, `Creator`, `CreateTime`, `Modifier`, `ModifyTime`) VALUES ('443992964990111744', 'neo4j', NULL, 'neo4j', '/topo/neo4j/index', NULL, '443992667446185984', 'example', 1, 0, '#', 1, '1', '2020-07-17 06:36:22', '1', '2020-07-17 06:37:01');
INSERT INTO `sys_menu` (`Id`, `Name`, `Description`, `Path`, `Url`, `IsBlank`, `PId`, `Icon`, `Order`, `Visible`, `Perms`, `Type`, `Creator`, `CreateTime`, `Modifier`, `ModifyTime`) VALUES ('458794662770118656', '流程管理(activiti)', NULL, 'workflow', '#', NULL, '0', 'table', 3, 1, '#', 1, '1', '2020-08-27 02:53:02', '1', '2022-01-12 12:31:51');
INSERT INTO `sys_menu` (`Id`, `Name`, `Description`, `Path`, `Url`, `IsBlank`, `PId`, `Icon`, `Order`, `Visible`, `Perms`, `Type`, `Creator`, `CreateTime`, `Modifier`, `ModifyTime`) VALUES ('458794847856365568', '流程设计', NULL, 'editor', '/workflow/editor/index', NULL, '458794662770118656', 'component', 1, 0, '#', 1, '1', '2020-08-27 02:53:46', '1', '2020-08-27 02:54:30');
INSERT INTO `sys_menu` (`Id`, `Name`, `Description`, `Path`, `Url`, `IsBlank`, `PId`, `Icon`, `Order`, `Visible`, `Perms`, `Type`, `Creator`, `CreateTime`, `Modifier`, `ModifyTime`) VALUES ('460324854965604352', 'Icons图标', NULL, 'components', '/components/icons/index', NULL, '383838051287306240', 'icon', 7, 0, '#', 1, '1', '2020-08-31 08:13:28', '1', '2020-09-17 05:48:49');
INSERT INTO `sys_menu` (`Id`, `Name`, `Description`, `Path`, `Url`, `IsBlank`, `PId`, `Icon`, `Order`, `Visible`, `Perms`, `Type`, `Creator`, `CreateTime`, `Modifier`, `ModifyTime`) VALUES ('465671284915834880', 'MQ消息配置', NULL, 'mq', '/monitor/mq/index', NULL, '383838051287306240', 'message', 8, 1, '#', 1, '1', '2020-09-15 02:18:16', '1', '2022-02-16 06:39:34');
INSERT INTO `sys_menu` (`Id`, `Name`, `Description`, `Path`, `Url`, `IsBlank`, `PId`, `Icon`, `Order`, `Visible`, `Perms`, `Type`, `Creator`, `CreateTime`, `Modifier`, `ModifyTime`) VALUES ('466826948786655232', '公告管理', NULL, 'notice', '/system/notice/index', NULL, '1', 'message', 11, 0, 'notice:list', 1, '1', '2020-09-18 06:50:28', NULL, NULL);
INSERT INTO `sys_menu` (`Id`, `Name`, `Description`, `Path`, `Url`, `IsBlank`, `PId`, `Icon`, `Order`, `Visible`, `Perms`, `Type`, `Creator`, `CreateTime`, `Modifier`, `ModifyTime`) VALUES ('466827074053738496', '新增修改', NULL, NULL, '#', NULL, '466826948786655232', NULL, 1, 0, 'notice:edit', 2, '1', '2020-09-18 06:50:58', NULL, NULL);
INSERT INTO `sys_menu` (`Id`, `Name`, `Description`, `Path`, `Url`, `IsBlank`, `PId`, `Icon`, `Order`, `Visible`, `Perms`, `Type`, `Creator`, `CreateTime`, `Modifier`, `ModifyTime`) VALUES ('466827163627294720', '删除', NULL, NULL, '#', NULL, '466826948786655232', NULL, 2, 0, 'notice:delete', 2, '1', '2020-09-18 06:51:19', NULL, NULL);
INSERT INTO `sys_menu` (`Id`, `Name`, `Description`, `Path`, `Url`, `IsBlank`, `PId`, `Icon`, `Order`, `Visible`, `Perms`, `Type`, `Creator`, `CreateTime`, `Modifier`, `ModifyTime`) VALUES ('468619571516018688', '字典管理', NULL, 'dict', '/system/dict/index', NULL, '1', 'dict', 12, 0, 'sysDictType:list', 1, '1', '2020-09-23 05:33:43', NULL, NULL);
INSERT INTO `sys_menu` (`Id`, `Name`, `Description`, `Path`, `Url`, `IsBlank`, `PId`, `Icon`, `Order`, `Visible`, `Perms`, `Type`, `Creator`, `CreateTime`, `Modifier`, `ModifyTime`) VALUES ('468619688822312960', '编辑', NULL, NULL, '#', NULL, '468619571516018688', NULL, 1, 0, 'sysDictType:edit', 2, '1', '2020-09-23 05:34:11', NULL, NULL);
INSERT INTO `sys_menu` (`Id`, `Name`, `Description`, `Path`, `Url`, `IsBlank`, `PId`, `Icon`, `Order`, `Visible`, `Perms`, `Type`, `Creator`, `CreateTime`, `Modifier`, `ModifyTime`) VALUES ('468619757386600448', '删除', NULL, NULL, '#', NULL, '468619571516018688', NULL, 2, 0, 'sysDictType:delete', 2, '1', '2020-09-23 05:34:27', NULL, NULL);
INSERT INTO `sys_menu` (`Id`, `Name`, `Description`, `Path`, `Url`, `IsBlank`, `PId`, `Icon`, `Order`, `Visible`, `Perms`, `Type`, `Creator`, `CreateTime`, `Modifier`, `ModifyTime`) VALUES ('468626126055542784', '字典数据编辑', NULL, NULL, '#', NULL, '468619571516018688', NULL, 4, 0, 'sysDictData:edit', 2, '1', '2020-09-23 05:59:45', NULL, NULL);
INSERT INTO `sys_menu` (`Id`, `Name`, `Description`, `Path`, `Url`, `IsBlank`, `PId`, `Icon`, `Order`, `Visible`, `Perms`, `Type`, `Creator`, `CreateTime`, `Modifier`, `ModifyTime`) VALUES ('468626200407969792', '字典数据删除', NULL, NULL, '#', NULL, '468619571516018688', NULL, 5, 0, 'sysDictData:delete', 2, '1', '2020-09-23 06:00:03', NULL, NULL);
INSERT INTO `sys_menu` (`Id`, `Name`, `Description`, `Path`, `Url`, `IsBlank`, `PId`, `Icon`, `Order`, `Visible`, `Perms`, `Type`, `Creator`, `CreateTime`, `Modifier`, `ModifyTime`) VALUES ('469358670350782464', '字典数据', NULL, NULL, '#', NULL, '468619571516018688', NULL, 3, 0, 'sysDictData:list', 2, '1', '2020-09-25 06:30:38', NULL, NULL);
INSERT INTO `sys_menu` (`Id`, `Name`, `Description`, `Path`, `Url`, `IsBlank`, `PId`, `Icon`, `Order`, `Visible`, `Perms`, `Type`, `Creator`, `CreateTime`, `Modifier`, `ModifyTime`) VALUES ('476964764061405184', '岗位管理', NULL, 'post', '/system/post/index', NULL, '1', 'post', 8, 0, 'sysPost:list', 1, '1', '2020-10-16 06:14:32', '1', '2020-10-16 06:14:42');
INSERT INTO `sys_menu` (`Id`, `Name`, `Description`, `Path`, `Url`, `IsBlank`, `PId`, `Icon`, `Order`, `Visible`, `Perms`, `Type`, `Creator`, `CreateTime`, `Modifier`, `ModifyTime`) VALUES ('476965210788335616', '新增/修改', NULL, NULL, '#', NULL, '476964764061405184', NULL, 1, 0, 'sysPost:edit', 2, '1', '2020-10-16 06:16:18', NULL, NULL);
INSERT INTO `sys_menu` (`Id`, `Name`, `Description`, `Path`, `Url`, `IsBlank`, `PId`, `Icon`, `Order`, `Visible`, `Perms`, `Type`, `Creator`, `CreateTime`, `Modifier`, `ModifyTime`) VALUES ('476965267143004160', '删除', NULL, NULL, '#', NULL, '476964764061405184', NULL, 2, 0, 'sysPost:delete', 2, '1', '2020-10-16 06:16:31', NULL, NULL);
INSERT INTO `sys_menu` (`Id`, `Name`, `Description`, `Path`, `Url`, `IsBlank`, `PId`, `Icon`, `Order`, `Visible`, `Perms`, `Type`, `Creator`, `CreateTime`, `Modifier`, `ModifyTime`) VALUES ('5', '代码生成', '代码生成', 'gen', '/tool/gen/index', 0, '383838051287306240', 'build', 4, 0, '#', 1, NULL, '2020-04-28 14:28:03', NULL, '2020-05-13 07:33:05');
INSERT INTO `sys_menu` (`Id`, `Name`, `Description`, `Path`, `Url`, `IsBlank`, `PId`, `Icon`, `Order`, `Visible`, `Perms`, `Type`, `Creator`, `CreateTime`, `Modifier`, `ModifyTime`) VALUES ('6', 'knife4j接口', 'knife4j', 'knife4j', '/tool/knife4j/index', 0, '383838051287306240', 'swagger', 2, 0, '#', 1, NULL, NULL, '1', '2022-12-16 07:10:12');
INSERT INTO `sys_menu` (`Id`, `Name`, `Description`, `Path`, `Url`, `IsBlank`, `PId`, `Icon`, `Order`, `Visible`, `Perms`, `Type`, `Creator`, `CreateTime`, `Modifier`, `ModifyTime`) VALUES ('638582049829163008', '文章管理', NULL, 'article', '#', NULL, '0', 'documentation', 4, 0, '#', 1, '1', '2022-01-05 05:43:55', '1', '2022-01-05 05:44:39');
INSERT INTO `sys_menu` (`Id`, `Name`, `Description`, `Path`, `Url`, `IsBlank`, `PId`, `Icon`, `Order`, `Visible`, `Perms`, `Type`, `Creator`, `CreateTime`, `Modifier`, `ModifyTime`) VALUES ('639307841324322816', '文章管理', NULL, 'article', '/article/article/index', NULL, '638582049829163008', 'documentation', 1, 0, 'articles:list', 1, '1', '2022-01-07 05:47:57', '1', '2022-01-07 05:56:07');
INSERT INTO `sys_menu` (`Id`, `Name`, `Description`, `Path`, `Url`, `IsBlank`, `PId`, `Icon`, `Order`, `Visible`, `Perms`, `Type`, `Creator`, `CreateTime`, `Modifier`, `ModifyTime`) VALUES ('639308589713985536', '新增/修改', NULL, NULL, '#', NULL, '639307841324322816', NULL, 1, 0, 'articles:edit', 2, '1', '2022-01-07 05:50:56', NULL, NULL);
INSERT INTO `sys_menu` (`Id`, `Name`, `Description`, `Path`, `Url`, `IsBlank`, `PId`, `Icon`, `Order`, `Visible`, `Perms`, `Type`, `Creator`, `CreateTime`, `Modifier`, `ModifyTime`) VALUES ('639308697155276800', '删除', NULL, NULL, '#', NULL, '639307841324322816', NULL, 2, 0, 'articles:delete', 2, '1', '2022-01-07 05:51:21', '1', '2022-01-07 06:48:52');
INSERT INTO `sys_menu` (`Id`, `Name`, `Description`, `Path`, `Url`, `IsBlank`, `PId`, `Icon`, `Order`, `Visible`, `Perms`, `Type`, `Creator`, `CreateTime`, `Modifier`, `ModifyTime`) VALUES ('640399046380490752', '版本信息', NULL, 'sysinfo', '/system/sysinfo/index', NULL, '1', 'link', 20, 0, '#', 1, '1', '2022-01-10 06:04:01', '1', '2022-01-10 06:09:08');
INSERT INTO `sys_menu` (`Id`, `Name`, `Description`, `Path`, `Url`, `IsBlank`, `PId`, `Icon`, `Order`, `Visible`, `Perms`, `Type`, `Creator`, `CreateTime`, `Modifier`, `ModifyTime`) VALUES ('640428910001131520', '操作日志', NULL, 'syslog', '/system/syslog/index', NULL, '1', 'log', 13, 0, 'log:list', 1, '1', '2022-01-10 08:02:41', '1', '2022-01-10 08:06:46');
INSERT INTO `sys_menu` (`Id`, `Name`, `Description`, `Path`, `Url`, `IsBlank`, `PId`, `Icon`, `Order`, `Visible`, `Perms`, `Type`, `Creator`, `CreateTime`, `Modifier`, `ModifyTime`) VALUES ('641145630080765952', '流程管理', NULL, 'flowable', '#', NULL, '0', 'table', 5, 0, '#', 1, '1', '2022-01-12 07:30:40', NULL, NULL);
INSERT INTO `sys_menu` (`Id`, `Name`, `Description`, `Path`, `Url`, `IsBlank`, `PId`, `Icon`, `Order`, `Visible`, `Perms`, `Type`, `Creator`, `CreateTime`, `Modifier`, `ModifyTime`) VALUES ('641145803469099008', '流程设计', NULL, 'definition', '/flowable/definition/index', NULL, '641145630080765952', 'component', 1, 0, '#', 1, '1', '2022-01-12 07:31:22', '1', '2022-01-12 12:31:45');
INSERT INTO `sys_menu` (`Id`, `Name`, `Description`, `Path`, `Url`, `IsBlank`, `PId`, `Icon`, `Order`, `Visible`, `Perms`, `Type`, `Creator`, `CreateTime`, `Modifier`, `ModifyTime`) VALUES ('641429211306921984', '表单配置', NULL, 'task/form', '/flowable/task/form/index', NULL, '641145630080765952', 'form', 2, 0, 'sysForm:list', 1, '1', '2022-01-13 02:17:31', '1', '2022-01-13 02:27:52');
INSERT INTO `sys_menu` (`Id`, `Name`, `Description`, `Path`, `Url`, `IsBlank`, `PId`, `Icon`, `Order`, `Visible`, `Perms`, `Type`, `Creator`, `CreateTime`, `Modifier`, `ModifyTime`) VALUES ('641429334648819712', '新增/修改', NULL, NULL, '#', NULL, '641429211306921984', NULL, 1, 0, 'sysForm:edit', 2, '1', '2022-01-13 02:18:01', NULL, NULL);
INSERT INTO `sys_menu` (`Id`, `Name`, `Description`, `Path`, `Url`, `IsBlank`, `PId`, `Icon`, `Order`, `Visible`, `Perms`, `Type`, `Creator`, `CreateTime`, `Modifier`, `ModifyTime`) VALUES ('641429387522215936', '删除', NULL, NULL, '#', NULL, '641429211306921984', NULL, 2, 0, 'sysForm:delete', 2, '1', '2022-01-13 02:18:13', NULL, NULL);
INSERT INTO `sys_menu` (`Id`, `Name`, `Description`, `Path`, `Url`, `IsBlank`, `PId`, `Icon`, `Order`, `Visible`, `Perms`, `Type`, `Creator`, `CreateTime`, `Modifier`, `ModifyTime`) VALUES ('641434155128852480', '表单构建', NULL, 'build', '/tool/build/index', NULL, '383838051287306240', 'form', 1, 0, '#', 1, '1', '2022-01-13 02:37:10', NULL, NULL);
INSERT INTO `sys_menu` (`Id`, `Name`, `Description`, `Path`, `Url`, `IsBlank`, `PId`, `Icon`, `Order`, `Visible`, `Perms`, `Type`, `Creator`, `CreateTime`, `Modifier`, `ModifyTime`) VALUES ('641516370424631296', '任务管理', NULL, 'task', '#', NULL, '0', 'job', 0, 0, '#', 1, '1', '2022-01-13 08:03:52', NULL, NULL);
INSERT INTO `sys_menu` (`Id`, `Name`, `Description`, `Path`, `Url`, `IsBlank`, `PId`, `Icon`, `Order`, `Visible`, `Perms`, `Type`, `Creator`, `CreateTime`, `Modifier`, `ModifyTime`) VALUES ('641516805004857344', '我的流程', NULL, 'process', '/flowable/task/process/index', NULL, '641516370424631296', 'guide', 1, 0, '#', 1, '1', '2022-01-13 08:05:35', '1', '2022-01-13 08:09:05');
INSERT INTO `sys_menu` (`Id`, `Name`, `Description`, `Path`, `Url`, `IsBlank`, `PId`, `Icon`, `Order`, `Visible`, `Perms`, `Type`, `Creator`, `CreateTime`, `Modifier`, `ModifyTime`) VALUES ('641516942334758912', '待办任务', NULL, 'todo', '/flowable/task/todo/index', NULL, '641516370424631296', 'list', 2, 0, '#', 1, '1', '2022-01-13 08:06:08', '1', '2022-01-13 08:09:17');
INSERT INTO `sys_menu` (`Id`, `Name`, `Description`, `Path`, `Url`, `IsBlank`, `PId`, `Icon`, `Order`, `Visible`, `Perms`, `Type`, `Creator`, `CreateTime`, `Modifier`, `ModifyTime`) VALUES ('641517155728363520', '已办任务', NULL, 'finished', '/flowable/task/finished/index', NULL, '641516370424631296', 'time-range', 3, 0, '#', 1, '1', '2022-01-13 08:06:59', '1', '2022-01-13 08:09:21');
INSERT INTO `sys_menu` (`Id`, `Name`, `Description`, `Path`, `Url`, `IsBlank`, `PId`, `Icon`, `Order`, `Visible`, `Perms`, `Type`, `Creator`, `CreateTime`, `Modifier`, `ModifyTime`) VALUES ('641519687687081984', '新增', NULL, NULL, '#', NULL, '641516805004857344', NULL, 1, 0, 'system:deployment:add', 2, '1', '2022-01-13 08:17:03', NULL, NULL);
INSERT INTO `sys_menu` (`Id`, `Name`, `Description`, `Path`, `Url`, `IsBlank`, `PId`, `Icon`, `Order`, `Visible`, `Perms`, `Type`, `Creator`, `CreateTime`, `Modifier`, `ModifyTime`) VALUES ('641519776849596416', '编辑', NULL, NULL, '#', NULL, '641516805004857344', NULL, 2, 0, 'system:deployment:edit', 2, '1', '2022-01-13 08:17:24', NULL, NULL);
INSERT INTO `sys_menu` (`Id`, `Name`, `Description`, `Path`, `Url`, `IsBlank`, `PId`, `Icon`, `Order`, `Visible`, `Perms`, `Type`, `Creator`, `CreateTime`, `Modifier`, `ModifyTime`) VALUES ('641519839755767808', '删除', NULL, NULL, '#', NULL, '641516805004857344', NULL, 3, 0, 'system:deployment:remove', 2, '1', '2022-01-13 08:17:39', NULL, NULL);
INSERT INTO `sys_menu` (`Id`, `Name`, `Description`, `Path`, `Url`, `IsBlank`, `PId`, `Icon`, `Order`, `Visible`, `Perms`, `Type`, `Creator`, `CreateTime`, `Modifier`, `ModifyTime`) VALUES ('647286470012440576', '发起流程', NULL, 'workbench', '/flowable/task/workbench/index', NULL, '641516370424631296', 'link', 0, 0, '#', 1, '1', '2022-01-29 06:12:11', '1', '2022-01-29 06:19:21');
COMMIT;

-- ----------------------------
-- Table structure for sys_notice
-- ----------------------------
DROP TABLE IF EXISTS `sys_notice`;
CREATE TABLE `sys_notice` (
                              `Id` varchar(50) CHARACTER SET utf8 COLLATE utf8_general_ci NOT NULL COMMENT '公告ID',
                              `NoticeTitle` varchar(50) CHARACTER SET utf8 COLLATE utf8_general_ci NOT NULL COMMENT '公告标题',
                              `NoticeType` char(1) CHARACTER SET utf8 COLLATE utf8_general_ci NOT NULL COMMENT '公告类型（1通知 2公告）',
                              `NoticeContent` varchar(2000) CHARACTER SET utf8 COLLATE utf8_general_ci DEFAULT NULL COMMENT '公告内容',
                              `NoticeStatus` char(1) CHARACTER SET utf8 COLLATE utf8_general_ci DEFAULT '0' COMMENT '公告状态（0正常 1关闭）',
                              `Deadline` datetime DEFAULT NULL COMMENT '有效时间',
                              `Creator` varchar(64) CHARACTER SET utf8 COLLATE utf8_general_ci DEFAULT '' COMMENT '创建者',
                              `CreateTime` datetime DEFAULT NULL COMMENT '创建时间',
                              `Modifier` varchar(64) CHARACTER SET utf8 COLLATE utf8_general_ci DEFAULT '' COMMENT '更新者',
                              `ModifyTime` datetime DEFAULT NULL COMMENT '更新时间',
                              `Remark` varchar(255) CHARACTER SET utf8 COLLATE utf8_general_ci DEFAULT NULL COMMENT '备注'
) ENGINE=InnoDB DEFAULT CHARSET=utf8mb3 ROW_FORMAT=DYNAMIC COMMENT='通知公告表';

-- ----------------------------
-- Records of sys_notice
-- ----------------------------
BEGIN;
INSERT INTO `sys_notice` (`Id`, `NoticeTitle`, `NoticeType`, `NoticeContent`, `NoticeStatus`, `Deadline`, `Creator`, `CreateTime`, `Modifier`, `ModifyTime`, `Remark`) VALUES ('466828250807668736', '通知', '1', '<p>通知123123123</p>', '0', '2020-09-30 15:00:00', '1', '2020-09-18 06:55:38', '1', '2020-09-25 06:17:29', NULL);
INSERT INTO `sys_notice` (`Id`, `NoticeTitle`, `NoticeType`, `NoticeContent`, `NoticeStatus`, `Deadline`, `Creator`, `CreateTime`, `Modifier`, `ModifyTime`, `Remark`) VALUES ('466842367455006720', 'ddddd', '1', '<p>dqwdqwqdq</p><p>dqwqwd</p><p>dqwdqd</p><p>dqwdq</p>', '0', '2020-09-23 09:51:33', '1', '2020-09-18 07:51:44', '1', '2020-09-18 07:53:35', NULL);
INSERT INTO `sys_notice` (`Id`, `NoticeTitle`, `NoticeType`, `NoticeContent`, `NoticeStatus`, `Deadline`, `Creator`, `CreateTime`, `Modifier`, `ModifyTime`, `Remark`) VALUES ('466842457729011712', 'dqwdqqwd', '2', '<p>dqwdqwdqwdqwqwdqwdqwffewfwefwefwefwefwefwefewfwedwedwdwedwewdwedwedwedwedwedwefwef</p>', '0', '2020-09-23 12:01:00', '1', '2020-09-18 07:52:06', '1', '2020-09-18 08:26:18', NULL);
INSERT INTO `sys_notice` (`Id`, `NoticeTitle`, `NoticeType`, `NoticeContent`, `NoticeStatus`, `Deadline`, `Creator`, `CreateTime`, `Modifier`, `ModifyTime`, `Remark`) VALUES ('484566222382436352', '系统更新', '1', '<p>系统更新</p><p>系统更新</p><p>系统更新</p><p>系统更新</p><p>系统更新</p><p>系统更新</p><p>系统更新</p><p>系统更新</p>', '0', '2020-11-29 16:00:00', '1', '2020-11-06 05:40:00', NULL, NULL, NULL);
INSERT INTO `sys_notice` (`Id`, `NoticeTitle`, `NoticeType`, `NoticeContent`, `NoticeStatus`, `Deadline`, `Creator`, `CreateTime`, `Modifier`, `ModifyTime`, `Remark`) VALUES ('484578087296700416', 'eqweq', '1', '<p>eqweqweqwe</p>', '0', '2020-11-18 16:00:00', '1', '2020-11-06 06:27:09', NULL, NULL, NULL);
INSERT INTO `sys_notice` (`Id`, `NoticeTitle`, `NoticeType`, `NoticeContent`, `NoticeStatus`, `Deadline`, `Creator`, `CreateTime`, `Modifier`, `ModifyTime`, `Remark`) VALUES ('640434505529823232', '系统更新', '1', '<p><strong>更新：</strong></p><ol><li>新增操作日志；</li><li>新增文章管理</li><li>代码优化</li><li>系统优化</li></ol><p><br></p>', '0', '2022-02-27 16:00:00', '1', '2022-01-10 08:24:55', '1', '2022-01-10 08:29:00', NULL);
COMMIT;

-- ----------------------------
-- Table structure for sys_notice_read
-- ----------------------------
DROP TABLE IF EXISTS `sys_notice_read`;
CREATE TABLE `sys_notice_read` (
                                   `Id` varchar(255) CHARACTER SET utf8 COLLATE utf8_general_ci NOT NULL,
                                   `NoticeId` varchar(255) CHARACTER SET utf8 COLLATE utf8_general_ci DEFAULT NULL,
                                   `UserId` varchar(255) CHARACTER SET utf8 COLLATE utf8_general_ci DEFAULT NULL,
                                   `Creator` varchar(255) CHARACTER SET utf8 COLLATE utf8_general_ci DEFAULT NULL,
                                   `CreateTime` datetime DEFAULT NULL,
                                   `Modifier` varchar(255) CHARACTER SET utf8 COLLATE utf8_general_ci DEFAULT NULL,
                                   `ModifyTime` datetime DEFAULT NULL,
                                   PRIMARY KEY (`Id`) USING BTREE
) ENGINE=InnoDB DEFAULT CHARSET=utf8mb3 ROW_FORMAT=DYNAMIC;

-- ----------------------------
-- Records of sys_notice_read
-- ----------------------------
BEGIN;
INSERT INTO `sys_notice_read` (`Id`, `NoticeId`, `UserId`, `Creator`, `CreateTime`, `Modifier`, `ModifyTime`) VALUES ('484566253692915712', '484566222382436352', '1', '1', '2020-11-06 05:40:08', NULL, NULL);
INSERT INTO `sys_notice_read` (`Id`, `NoticeId`, `UserId`, `Creator`, `CreateTime`, `Modifier`, `ModifyTime`) VALUES ('484578173128937472', '484578087296700416', '1', '1', '2020-11-06 06:27:30', NULL, NULL);
INSERT INTO `sys_notice_read` (`Id`, `NoticeId`, `UserId`, `Creator`, `CreateTime`, `Modifier`, `ModifyTime`) VALUES ('640435594836709376', '640434505529823232', '1', '1', '2022-01-10 08:29:15', NULL, NULL);
INSERT INTO `sys_notice_read` (`Id`, `NoticeId`, `UserId`, `Creator`, `CreateTime`, `Modifier`, `ModifyTime`) VALUES ('641526077709225984', '640434505529823232', '380942348554735616', '380942348554735616', '2022-01-13 08:42:26', NULL, NULL);
INSERT INTO `sys_notice_read` (`Id`, `NoticeId`, `UserId`, `Creator`, `CreateTime`, `Modifier`, `ModifyTime`) VALUES ('645418689205768192', '640434505529823232', '641845376344788992', '641845376344788992', '2022-01-24 02:30:17', NULL, NULL);
COMMIT;

-- ----------------------------
-- Table structure for sys_permission
-- ----------------------------
DROP TABLE IF EXISTS `sys_permission`;
CREATE TABLE `sys_permission` (
                                  `Id` varchar(255) CHARACTER SET utf8 COLLATE utf8_general_ci NOT NULL,
                                  `RoleId` varchar(255) CHARACTER SET utf8 COLLATE utf8_general_ci DEFAULT NULL,
                                  `MenuId` varchar(255) CHARACTER SET utf8 COLLATE utf8_general_ci DEFAULT NULL,
                                  PRIMARY KEY (`Id`) USING BTREE
) ENGINE=InnoDB DEFAULT CHARSET=utf8mb3 ROW_FORMAT=DYNAMIC;

-- ----------------------------
-- Records of sys_permission
-- ----------------------------
BEGIN;
INSERT INTO `sys_permission` (`Id`, `RoleId`, `MenuId`) VALUES ('641525911929360384', '381303138021412864', '641516370424631296');
INSERT INTO `sys_permission` (`Id`, `RoleId`, `MenuId`) VALUES ('641525911962914816', '381303138021412864', '641516805004857344');
INSERT INTO `sys_permission` (`Id`, `RoleId`, `MenuId`) VALUES ('641525911983886336', '381303138021412864', '641519687687081984');
INSERT INTO `sys_permission` (`Id`, `RoleId`, `MenuId`) VALUES ('641525911996469248', '381303138021412864', '641519776849596416');
INSERT INTO `sys_permission` (`Id`, `RoleId`, `MenuId`) VALUES ('641525912009052160', '381303138021412864', '641519839755767808');
INSERT INTO `sys_permission` (`Id`, `RoleId`, `MenuId`) VALUES ('641525912021635072', '381303138021412864', '641516942334758912');
INSERT INTO `sys_permission` (`Id`, `RoleId`, `MenuId`) VALUES ('641525912034217984', '381303138021412864', '641517155728363520');
INSERT INTO `sys_permission` (`Id`, `RoleId`, `MenuId`) VALUES ('641525912046800896', '381303138021412864', '1');
INSERT INTO `sys_permission` (`Id`, `RoleId`, `MenuId`) VALUES ('641525912059383808', '381303138021412864', '2');
INSERT INTO `sys_permission` (`Id`, `RoleId`, `MenuId`) VALUES ('641525912067772416', '381303138021412864', '381295505541566464');
INSERT INTO `sys_permission` (`Id`, `RoleId`, `MenuId`) VALUES ('641525912080355328', '381303138021412864', '383822600511557632');
INSERT INTO `sys_permission` (`Id`, `RoleId`, `MenuId`) VALUES ('641525912097132544', '381303138021412864', '3');
INSERT INTO `sys_permission` (`Id`, `RoleId`, `MenuId`) VALUES ('641525912105521152', '381303138021412864', '383822867416092672');
INSERT INTO `sys_permission` (`Id`, `RoleId`, `MenuId`) VALUES ('641525912113909760', '381303138021412864', '383822981555687424');
INSERT INTO `sys_permission` (`Id`, `RoleId`, `MenuId`) VALUES ('641525912126492672', '381303138021412864', '4');
INSERT INTO `sys_permission` (`Id`, `RoleId`, `MenuId`) VALUES ('641525912134881280', '381303138021412864', '383823166725820416');
INSERT INTO `sys_permission` (`Id`, `RoleId`, `MenuId`) VALUES ('641525912147464192', '381303138021412864', '383823257045962752');
INSERT INTO `sys_permission` (`Id`, `RoleId`, `MenuId`) VALUES ('641525912155852800', '381303138021412864', '381296514569474048');
INSERT INTO `sys_permission` (`Id`, `RoleId`, `MenuId`) VALUES ('641525912164241408', '381303138021412864', '382382361008017408');
INSERT INTO `sys_permission` (`Id`, `RoleId`, `MenuId`) VALUES ('641525912172630016', '381303138021412864', '383823416903471104');
INSERT INTO `sys_permission` (`Id`, `RoleId`, `MenuId`) VALUES ('641525912185212928', '381303138021412864', '382736944293089280');
INSERT INTO `sys_permission` (`Id`, `RoleId`, `MenuId`) VALUES ('641525912193601536', '381303138021412864', '418561360864088064');
INSERT INTO `sys_permission` (`Id`, `RoleId`, `MenuId`) VALUES ('641525912201990144', '381303138021412864', '434952738292502528');
INSERT INTO `sys_permission` (`Id`, `RoleId`, `MenuId`) VALUES ('641525912214573056', '381303138021412864', '434953623361949696');
INSERT INTO `sys_permission` (`Id`, `RoleId`, `MenuId`) VALUES ('641525912222961664', '381303138021412864', '434953738826944512');
INSERT INTO `sys_permission` (`Id`, `RoleId`, `MenuId`) VALUES ('641525912235544576', '381303138021412864', '476964764061405184');
INSERT INTO `sys_permission` (`Id`, `RoleId`, `MenuId`) VALUES ('641525912243933184', '381303138021412864', '476965210788335616');
INSERT INTO `sys_permission` (`Id`, `RoleId`, `MenuId`) VALUES ('641525912252321792', '381303138021412864', '476965267143004160');
INSERT INTO `sys_permission` (`Id`, `RoleId`, `MenuId`) VALUES ('641525912260710400', '381303138021412864', '466826948786655232');
INSERT INTO `sys_permission` (`Id`, `RoleId`, `MenuId`) VALUES ('641525912273293312', '381303138021412864', '466827074053738496');
INSERT INTO `sys_permission` (`Id`, `RoleId`, `MenuId`) VALUES ('641525912281681920', '381303138021412864', '466827163627294720');
INSERT INTO `sys_permission` (`Id`, `RoleId`, `MenuId`) VALUES ('641525912294264832', '381303138021412864', '468619571516018688');
INSERT INTO `sys_permission` (`Id`, `RoleId`, `MenuId`) VALUES ('641525912302653440', '381303138021412864', '468619688822312960');
INSERT INTO `sys_permission` (`Id`, `RoleId`, `MenuId`) VALUES ('641525912315236352', '381303138021412864', '468619757386600448');
INSERT INTO `sys_permission` (`Id`, `RoleId`, `MenuId`) VALUES ('641525912323624960', '381303138021412864', '469358670350782464');
INSERT INTO `sys_permission` (`Id`, `RoleId`, `MenuId`) VALUES ('641525912336207872', '381303138021412864', '468626126055542784');
INSERT INTO `sys_permission` (`Id`, `RoleId`, `MenuId`) VALUES ('641525912344596480', '381303138021412864', '468626200407969792');
INSERT INTO `sys_permission` (`Id`, `RoleId`, `MenuId`) VALUES ('641525912357179392', '381303138021412864', '640428910001131520');
INSERT INTO `sys_permission` (`Id`, `RoleId`, `MenuId`) VALUES ('641525912365568000', '381303138021412864', '640399046380490752');
INSERT INTO `sys_permission` (`Id`, `RoleId`, `MenuId`) VALUES ('641845154487078912', '641845154352861184', '641516370424631296');
INSERT INTO `sys_permission` (`Id`, `RoleId`, `MenuId`) VALUES ('641845154503856128', '641845154352861184', '641516805004857344');
INSERT INTO `sys_permission` (`Id`, `RoleId`, `MenuId`) VALUES ('641845154524827648', '641845154352861184', '641519687687081984');
INSERT INTO `sys_permission` (`Id`, `RoleId`, `MenuId`) VALUES ('641845154549993472', '641845154352861184', '641519776849596416');
INSERT INTO `sys_permission` (`Id`, `RoleId`, `MenuId`) VALUES ('641845154621296640', '641845154352861184', '641519839755767808');
INSERT INTO `sys_permission` (`Id`, `RoleId`, `MenuId`) VALUES ('641845154642268160', '641845154352861184', '641516942334758912');
INSERT INTO `sys_permission` (`Id`, `RoleId`, `MenuId`) VALUES ('641845154663239680', '641845154352861184', '641517155728363520');
INSERT INTO `sys_permission` (`Id`, `RoleId`, `MenuId`) VALUES ('645503065583128576', '641845124569108480', '641516370424631296');
INSERT INTO `sys_permission` (`Id`, `RoleId`, `MenuId`) VALUES ('645503065650237440', '641845124569108480', '641516805004857344');
INSERT INTO `sys_permission` (`Id`, `RoleId`, `MenuId`) VALUES ('645503065662820352', '641845124569108480', '641519687687081984');
INSERT INTO `sys_permission` (`Id`, `RoleId`, `MenuId`) VALUES ('645503065675403264', '641845124569108480', '641519776849596416');
INSERT INTO `sys_permission` (`Id`, `RoleId`, `MenuId`) VALUES ('645503065687986176', '641845124569108480', '641519839755767808');
INSERT INTO `sys_permission` (`Id`, `RoleId`, `MenuId`) VALUES ('645503065700569088', '641845124569108480', '641516942334758912');
INSERT INTO `sys_permission` (`Id`, `RoleId`, `MenuId`) VALUES ('645503065713152000', '641845124569108480', '641517155728363520');
INSERT INTO `sys_permission` (`Id`, `RoleId`, `MenuId`) VALUES ('645503065725734912', '641845124569108480', '3');
INSERT INTO `sys_permission` (`Id`, `RoleId`, `MenuId`) VALUES ('645503065738317824', '641845124569108480', '383822867416092672');
INSERT INTO `sys_permission` (`Id`, `RoleId`, `MenuId`) VALUES ('645503065746706432', '641845124569108480', '383822981555687424');
INSERT INTO `sys_permission` (`Id`, `RoleId`, `MenuId`) VALUES ('645503065755095040', '641845124569108480', '1');
COMMIT;

-- ----------------------------
-- Table structure for sys_post
-- ----------------------------
DROP TABLE IF EXISTS `sys_post`;
CREATE TABLE `sys_post` (
                            `Id` varchar(255) CHARACTER SET utf8 COLLATE utf8_general_ci NOT NULL,
                            `PostCode` varchar(255) CHARACTER SET utf8 COLLATE utf8_general_ci DEFAULT NULL,
                            `PostName` varchar(255) CHARACTER SET utf8 COLLATE utf8_general_ci DEFAULT NULL,
                            `Creator` varchar(255) CHARACTER SET utf8 COLLATE utf8_general_ci DEFAULT NULL,
                            `CreateTime` datetime DEFAULT NULL,
                            `Modifier` varchar(255) CHARACTER SET utf8 COLLATE utf8_general_ci DEFAULT NULL,
                            `ModifyTime` datetime DEFAULT NULL,
                            PRIMARY KEY (`Id`) USING BTREE
) ENGINE=InnoDB DEFAULT CHARSET=utf8mb3 ROW_FORMAT=DYNAMIC;

-- ----------------------------
-- Records of sys_post
-- ----------------------------
BEGIN;
INSERT INTO `sys_post` (`Id`, `PostCode`, `PostName`, `Creator`, `CreateTime`, `Modifier`, `ModifyTime`) VALUES ('476965363788156928', '0000', '员工', '1', '2020-10-16 06:16:55', NULL, NULL);
INSERT INTO `sys_post` (`Id`, `PostCode`, `PostName`, `Creator`, `CreateTime`, `Modifier`, `ModifyTime`) VALUES ('476965408843370496', '0001', '经理', '1', '2020-10-16 06:17:05', NULL, NULL);
COMMIT;

-- ----------------------------
-- Table structure for sys_properties
-- ----------------------------
DROP TABLE IF EXISTS `sys_properties`;
CREATE TABLE `sys_properties` (
                                  `Id` varchar(255) CHARACTER SET utf8 COLLATE utf8_general_ci DEFAULT NULL,
                                  `Name` varchar(255) CHARACTER SET utf8 COLLATE utf8_general_ci DEFAULT NULL,
                                  `Alias` varchar(255) CHARACTER SET utf8 COLLATE utf8_general_ci DEFAULT NULL,
                                  `Value` varchar(255) CHARACTER SET utf8 COLLATE utf8_general_ci DEFAULT NULL,
                                  `Group` varchar(255) CHARACTER SET utf8 COLLATE utf8_general_ci DEFAULT NULL,
                                  `Description` varchar(255) CHARACTER SET utf8 COLLATE utf8_general_ci DEFAULT NULL,
                                  `Creator` varchar(255) CHARACTER SET utf8 COLLATE utf8_general_ci DEFAULT NULL,
                                  `CreateTime` datetime DEFAULT NULL,
                                  `Modifier` varchar(255) CHARACTER SET utf8 COLLATE utf8_general_ci DEFAULT NULL,
                                  `ModifyTime` datetime DEFAULT NULL
) ENGINE=InnoDB DEFAULT CHARSET=utf8mb3 ROW_FORMAT=DYNAMIC;

-- ----------------------------
-- Records of sys_properties
-- ----------------------------
BEGIN;
INSERT INTO `sys_properties` (`Id`, `Name`, `Alias`, `Value`, `Group`, `Description`, `Creator`, `CreateTime`, `Modifier`, `ModifyTime`) VALUES ('1', '邮件协议', 'mail.protocol', 'smtp', 'mail', NULL, NULL, NULL, NULL, NULL);
INSERT INTO `sys_properties` (`Id`, `Name`, `Alias`, `Value`, `Group`, `Description`, `Creator`, `CreateTime`, `Modifier`, `ModifyTime`) VALUES ('2', '邮件发送地址', 'mail.host', 'smtp.qq.com', 'mail', NULL, NULL, NULL, NULL, NULL);
INSERT INTO `sys_properties` (`Id`, `Name`, `Alias`, `Value`, `Group`, `Description`, `Creator`, `CreateTime`, `Modifier`, `ModifyTime`) VALUES ('3', '邮箱用户名', 'mail.username', '2862322640@qq.com', 'mail', NULL, NULL, NULL, NULL, NULL);
INSERT INTO `sys_properties` (`Id`, `Name`, `Alias`, `Value`, `Group`, `Description`, `Creator`, `CreateTime`, `Modifier`, `ModifyTime`) VALUES ('4', '邮箱密码', 'mail.password', 'ffycbapqhjgjdfdj', 'mail', NULL, NULL, NULL, NULL, NULL);
INSERT INTO `sys_properties` (`Id`, `Name`, `Alias`, `Value`, `Group`, `Description`, `Creator`, `CreateTime`, `Modifier`, `ModifyTime`) VALUES ('5', '邮件验证', 'mail.auth', 'true', 'mail', '', NULL, NULL, NULL, NULL);
INSERT INTO `sys_properties` (`Id`, `Name`, `Alias`, `Value`, `Group`, `Description`, `Creator`, `CreateTime`, `Modifier`, `ModifyTime`) VALUES ('6', '邮箱端口', 'mail.port', '587', 'mail', NULL, NULL, NULL, NULL, NULL);
INSERT INTO `sys_properties` (`Id`, `Name`, `Alias`, `Value`, `Group`, `Description`, `Creator`, `CreateTime`, `Modifier`, `ModifyTime`) VALUES ('7', '上传路径', 'upload.path', '/Users/young/IdeaProjects/ares/upload', 'file', NULL, NULL, NULL, NULL, NULL);
INSERT INTO `sys_properties` (`Id`, `Name`, `Alias`, `Value`, `Group`, `Description`, `Creator`, `CreateTime`, `Modifier`, `ModifyTime`) VALUES ('8', '文件类型', 'file.allow', 'bmp,gif,jpg,jpeg,png,doc,docx,xls,xlsx,ppt,pptx,html,htm,txt,rar,zip,gz,bz2,pdf', 'file', NULL, NULL, NULL, NULL, NULL);
INSERT INTO `sys_properties` (`Id`, `Name`, `Alias`, `Value`, `Group`, `Description`, `Creator`, `CreateTime`, `Modifier`, `ModifyTime`) VALUES ('9', '文件大小', 'file.maxsize', '5242880000', 'file', NULL, NULL, NULL, NULL, NULL);
INSERT INTO `sys_properties` (`Id`, `Name`, `Alias`, `Value`, `Group`, `Description`, `Creator`, `CreateTime`, `Modifier`, `ModifyTime`) VALUES ('10', '文件名长度', 'file.namelength', '100', 'file', NULL, NULL, NULL, NULL, NULL);
INSERT INTO `sys_properties` (`Id`, `Name`, `Alias`, `Value`, `Group`, `Description`, `Creator`, `CreateTime`, `Modifier`, `ModifyTime`) VALUES ('11', '头像路径', 'avatar.path', '/Users/young/IdeaProjects/ares/upload/avatar', 'avatar', NULL, NULL, NULL, NULL, NULL);
INSERT INTO `sys_properties` (`Id`, `Name`, `Alias`, `Value`, `Group`, `Description`, `Creator`, `CreateTime`, `Modifier`, `ModifyTime`) VALUES ('12', '版本信息', 'version.info', '/Users/young/IdeaProjects/ares/CHANGELOG.md', 'version', NULL, NULL, NULL, NULL, NULL);
COMMIT;

-- ----------------------------
-- Table structure for sys_quartz_job
-- ----------------------------
DROP TABLE IF EXISTS `sys_quartz_job`;
CREATE TABLE `sys_quartz_job` (
                                  `Id` varchar(255) CHARACTER SET utf8 COLLATE utf8_general_ci NOT NULL COMMENT '日志id',
                                  `JobName` varchar(255) CHARACTER SET utf8 COLLATE utf8_general_ci DEFAULT NULL COMMENT '任务名称',
                                  `JobGroup` varchar(255) CHARACTER SET utf8 COLLATE utf8_general_ci DEFAULT NULL COMMENT '任务组名',
                                  `Description` varchar(255) CHARACTER SET utf8 COLLATE utf8_general_ci DEFAULT NULL COMMENT '描述',
                                  `InvokeTarget` varchar(255) CHARACTER SET utf8 COLLATE utf8_general_ci DEFAULT NULL COMMENT '调用目标字符串',
                                  `CronExpression` varchar(255) CHARACTER SET utf8 COLLATE utf8_general_ci DEFAULT NULL COMMENT 'cron执行表达式',
                                  `ConCurrent` varchar(255) CHARACTER SET utf8 COLLATE utf8_general_ci DEFAULT NULL COMMENT '是否并发执行（0允许 1禁止）',
                                  `Status` int DEFAULT NULL COMMENT '任务状态（0正常 1暂停）',
                                  `Creator` varchar(255) CHARACTER SET utf8 COLLATE utf8_general_ci DEFAULT NULL,
                                  `CreateTime` datetime DEFAULT NULL,
                                  `Modifier` varchar(255) CHARACTER SET utf8 COLLATE utf8_general_ci DEFAULT NULL,
                                  `ModifyTime` datetime DEFAULT NULL,
                                  PRIMARY KEY (`Id`) USING BTREE
) ENGINE=InnoDB DEFAULT CHARSET=utf8mb3 ROW_FORMAT=DYNAMIC COMMENT='定时任务调度表';

-- ----------------------------
-- Records of sys_quartz_job
-- ----------------------------
BEGIN;
INSERT INTO `sys_quartz_job` (`Id`, `JobName`, `JobGroup`, `Description`, `InvokeTarget`, `CronExpression`, `ConCurrent`, `Status`, `Creator`, `CreateTime`, `Modifier`, `ModifyTime`) VALUES ('468634278062854144', 'testHasParam', 'DEFAULT', 'testHasParam', 'com.ares.quartz.jobs.TestJob.testHasParam(\'job\',\'run\')', '0 0/1 * * * ?', '1', 1, '1', '2020-09-23 06:32:09', '1', '2021-12-30 02:26:40');
COMMIT;

-- ----------------------------
-- Table structure for sys_quartz_job_log
-- ----------------------------
DROP TABLE IF EXISTS `sys_quartz_job_log`;
CREATE TABLE `sys_quartz_job_log` (
                                      `Id` varchar(255) CHARACTER SET utf8 COLLATE utf8_general_ci NOT NULL COMMENT '主键',
                                      `JobName` varchar(255) CHARACTER SET utf8 COLLATE utf8_general_ci DEFAULT NULL COMMENT '任务名称',
                                      `JobGroup` varchar(255) CHARACTER SET utf8 COLLATE utf8_general_ci DEFAULT NULL COMMENT '任务组名',
                                      `InvokeTarget` varchar(255) CHARACTER SET utf8 COLLATE utf8_general_ci DEFAULT NULL COMMENT '调用目标字符串',
                                      `JobMessage` text CHARACTER SET utf8 COLLATE utf8_general_ci COMMENT '日志信息',
                                      `Status` int DEFAULT NULL COMMENT '执行状态（0正常 1失败）',
                                      `ExceptionInfo` text CHARACTER SET utf8 COLLATE utf8_general_ci COMMENT '异常信息',
                                      `StartTime` datetime DEFAULT NULL COMMENT '开始时间',
                                      `FinishTime` datetime DEFAULT NULL COMMENT '结束时间',
                                      PRIMARY KEY (`Id`) USING BTREE
) ENGINE=InnoDB DEFAULT CHARSET=utf8mb3 ROW_FORMAT=DYNAMIC COMMENT='定时任务调度日志表';

-- ----------------------------
-- Records of sys_quartz_job_log
-- ----------------------------
BEGIN;
COMMIT;

-- ----------------------------
-- Table structure for sys_role
-- ----------------------------
DROP TABLE IF EXISTS `sys_role`;
CREATE TABLE `sys_role` (
                            `Id` varchar(255) CHARACTER SET utf8 COLLATE utf8_general_ci NOT NULL,
                            `RoleName` varchar(255) CHARACTER SET utf8 COLLATE utf8_general_ci DEFAULT NULL,
                            `Description` varchar(255) CHARACTER SET utf8 COLLATE utf8_general_ci DEFAULT NULL,
                            `Creator` varchar(255) CHARACTER SET utf8 COLLATE utf8_general_ci DEFAULT NULL,
                            `CreateTime` datetime DEFAULT NULL,
                            `Modifier` varchar(255) CHARACTER SET utf8 COLLATE utf8_general_ci DEFAULT NULL,
                            `ModifyTime` datetime DEFAULT NULL,
                            PRIMARY KEY (`Id`) USING BTREE
) ENGINE=InnoDB DEFAULT CHARSET=utf8mb3 ROW_FORMAT=DYNAMIC;

-- ----------------------------
-- Records of sys_role
-- ----------------------------
BEGIN;
INSERT INTO `sys_role` (`Id`, `RoleName`, `Description`, `Creator`, `CreateTime`, `Modifier`, `ModifyTime`) VALUES ('1', 'gly', '超级管理员', NULL, '2020-01-25 09:09:51', NULL, '2020-01-26 06:49:34');
INSERT INTO `sys_role` (`Id`, `RoleName`, `Description`, `Creator`, `CreateTime`, `Modifier`, `ModifyTime`) VALUES ('381303138021412864', 'user', '用户', NULL, '2020-01-26 06:49:23', '1', '2022-01-13 08:41:47');
INSERT INTO `sys_role` (`Id`, `RoleName`, `Description`, `Creator`, `CreateTime`, `Modifier`, `ModifyTime`) VALUES ('641845124569108480', '经理', NULL, '1', '2022-01-14 05:50:13', '1', '2022-01-24 08:05:34');
INSERT INTO `sys_role` (`Id`, `RoleName`, `Description`, `Creator`, `CreateTime`, `Modifier`, `ModifyTime`) VALUES ('641845154352861184', '员工', NULL, '1', '2022-01-14 05:50:20', NULL, '2022-01-14 05:51:33');
COMMIT;

-- ----------------------------
-- Table structure for sys_role_user
-- ----------------------------
DROP TABLE IF EXISTS `sys_role_user`;
CREATE TABLE `sys_role_user` (
                                 `Id` varchar(255) CHARACTER SET utf8 COLLATE utf8_general_ci NOT NULL,
                                 `UserId` varchar(255) CHARACTER SET utf8 COLLATE utf8_general_ci DEFAULT NULL COMMENT '用户id',
                                 `RoleId` varchar(255) CHARACTER SET utf8 COLLATE utf8_general_ci DEFAULT NULL COMMENT '角色id',
                                 PRIMARY KEY (`Id`) USING BTREE
) ENGINE=InnoDB DEFAULT CHARSET=utf8mb3 ROW_FORMAT=DYNAMIC COMMENT='用户角色中间表';

-- ----------------------------
-- Records of sys_role_user
-- ----------------------------
BEGIN;
INSERT INTO `sys_role_user` (`Id`, `UserId`, `RoleId`) VALUES ('418574260357959680', '1', '1');
INSERT INTO `sys_role_user` (`Id`, `UserId`, `RoleId`) VALUES ('476968822222491648', '383826362324094976', '381303138021412864');
INSERT INTO `sys_role_user` (`Id`, `UserId`, `RoleId`) VALUES ('499788550590566400', '499788550536040448', '381303138021412864');
INSERT INTO `sys_role_user` (`Id`, `UserId`, `RoleId`) VALUES ('641845433601232896', '641845376344788992', '641845124569108480');
INSERT INTO `sys_role_user` (`Id`, `UserId`, `RoleId`) VALUES ('641847873943769088', '380942348554735616', '641845154352861184');
COMMIT;

-- ----------------------------
-- Table structure for sys_task_form
-- ----------------------------
DROP TABLE IF EXISTS `sys_task_form`;
CREATE TABLE `sys_task_form` (
                                 `Id` varchar(255) NOT NULL,
                                 `FormId` varchar(255) DEFAULT NULL,
                                 `TaskId` varchar(255) DEFAULT NULL,
                                 `Creator` varchar(255) DEFAULT NULL,
                                 `CreateTime` datetime DEFAULT NULL,
                                 `Modifier` varchar(255) DEFAULT NULL,
                                 `ModifyTime` datetime DEFAULT NULL,
                                 PRIMARY KEY (`Id`)
) ENGINE=InnoDB DEFAULT CHARSET=utf8mb4 COLLATE=utf8mb4_0900_ai_ci;

-- ----------------------------
-- Records of sys_task_form
-- ----------------------------
BEGIN;
COMMIT;

-- ----------------------------
-- Table structure for sys_template
-- ----------------------------
DROP TABLE IF EXISTS `sys_template`;
CREATE TABLE `sys_template` (
                                `Id` varchar(255) CHARACTER SET utf8 COLLATE utf8_general_ci DEFAULT NULL,
                                `Name` varchar(255) CHARACTER SET utf8 COLLATE utf8_general_ci DEFAULT NULL,
                                `Subject` varchar(255) CHARACTER SET utf8 COLLATE utf8_general_ci DEFAULT NULL,
                                `Text` text CHARACTER SET utf8 COLLATE utf8_general_ci,
                                `Html` text CHARACTER SET utf8 COLLATE utf8_general_ci,
                                `Params` varchar(255) CHARACTER SET utf8 COLLATE utf8_general_ci DEFAULT NULL,
                                `Creator` varchar(255) CHARACTER SET utf8 COLLATE utf8_general_ci DEFAULT NULL,
                                `CreateTime` datetime DEFAULT NULL,
                                `Modifier` varchar(255) CHARACTER SET utf8 COLLATE utf8_general_ci DEFAULT NULL,
                                `ModifyTime` datetime DEFAULT NULL
) ENGINE=InnoDB DEFAULT CHARSET=utf8mb3 ROW_FORMAT=DYNAMIC;

-- ----------------------------
-- Records of sys_template
-- ----------------------------
BEGIN;
INSERT INTO `sys_template` (`Id`, `Name`, `Subject`, `Text`, `Html`, `Params`, `Creator`, `CreateTime`, `Modifier`, `ModifyTime`) VALUES ('1', 'test', '测试', '测试', '\r\n<div>\r\n    <h1>${name}</h1>\r\n</div>', 'name', '1', '2020-06-19 14:31:29', '1', '2020-06-22 08:09:10');
COMMIT;

-- ----------------------------
-- Table structure for sys_user
-- ----------------------------
DROP TABLE IF EXISTS `sys_user`;
CREATE TABLE `sys_user` (
                            `Id` varchar(255) CHARACTER SET utf8 COLLATE utf8_general_ci NOT NULL,
                            `Account` varchar(255) CHARACTER SET utf8 COLLATE utf8_general_ci DEFAULT NULL,
                            `UserName` varchar(255) CHARACTER SET utf8 COLLATE utf8_general_ci DEFAULT NULL,
                            `Password` varchar(255) CHARACTER SET utf8 COLLATE utf8_general_ci DEFAULT NULL,
                            `PhoneNumber` varchar(255) CHARACTER SET utf8 COLLATE utf8_general_ci DEFAULT NULL,
                            `Email` varchar(255) CHARACTER SET utf8 COLLATE utf8_general_ci DEFAULT NULL,
                            `Avatar` varchar(255) CHARACTER SET utf8 COLLATE utf8_general_ci DEFAULT NULL,
                            `DeptId` varchar(255) CHARACTER SET utf8 COLLATE utf8_general_ci DEFAULT NULL,
                            `PostId` varchar(255) CHARACTER SET utf8 COLLATE utf8_general_ci DEFAULT NULL,
                            `Status` int DEFAULT NULL,
                            `Creator` varchar(255) CHARACTER SET utf8 COLLATE utf8_general_ci DEFAULT NULL,
                            `CreateTime` datetime DEFAULT NULL,
                            `Modifier` varchar(255) CHARACTER SET utf8 COLLATE utf8_general_ci DEFAULT NULL,
                            `ModifyTime` datetime DEFAULT NULL,
                            PRIMARY KEY (`Id`) USING BTREE
) ENGINE=InnoDB DEFAULT CHARSET=utf8mb3 ROW_FORMAT=DYNAMIC;

-- ----------------------------
-- Records of sys_user
-- ----------------------------
BEGIN;
INSERT INTO `sys_user` (`Id`, `Account`, `UserName`, `Password`, `PhoneNumber`, `Email`, `Avatar`, `DeptId`, `PostId`, `Status`, `Creator`, `CreateTime`, `Modifier`, `ModifyTime`) VALUES ('1', 'admin', '管理员', '21232f297a57a5a743894a0e4a801fc3', '11111111', '11111111', 'L1VzZXJzL3lvdW5nL0lkZWFQcm9qZWN0cy9hcmVzL3VwbG9hZC9hdmF0YXIvYWRtaW4vMjAyMi8wMi8wNy9ibG9iLmpwZWc=', '1', '1', 1, NULL, '2020-01-23 08:51:42', NULL, '2022-02-07 05:34:30');
INSERT INTO `sys_user` (`Id`, `Account`, `UserName`, `Password`, `PhoneNumber`, `Email`, `Avatar`, `DeptId`, `PostId`, `Status`, `Creator`, `CreateTime`, `Modifier`, `ModifyTime`) VALUES ('380942348554735616', 'user', '用户1', 'e10adc3949ba59abbe56e057f20f883e', NULL, NULL, NULL, '476951546261803008', '476965408843370496', 1, NULL, '2020-01-25 06:55:44', '1', '2022-01-14 06:01:08');
INSERT INTO `sys_user` (`Id`, `Account`, `UserName`, `Password`, `PhoneNumber`, `Email`, `Avatar`, `DeptId`, `PostId`, `Status`, `Creator`, `CreateTime`, `Modifier`, `ModifyTime`) VALUES ('383826362324094976', 'tttt', '测试', 'e10adc3949ba59abbe56e057f20f883e', NULL, 'eee', NULL, '476955797205684224', '476965363788156928', 1, NULL, '2020-02-02 05:55:46', '1', '2020-10-16 06:30:39');
INSERT INTO `sys_user` (`Id`, `Account`, `UserName`, `Password`, `PhoneNumber`, `Email`, `Avatar`, `DeptId`, `PostId`, `Status`, `Creator`, `CreateTime`, `Modifier`, `ModifyTime`) VALUES ('499788550536040448', 'test', 'test', 'e10adc3949ba59abbe56e057f20f883e', NULL, NULL, NULL, '476955797205684224', '476965363788156928', 1, '1', '2020-12-18 05:48:06', '1', '2022-11-01 08:25:24');
INSERT INTO `sys_user` (`Id`, `Account`, `UserName`, `Password`, `PhoneNumber`, `Email`, `Avatar`, `DeptId`, `PostId`, `Status`, `Creator`, `CreateTime`, `Modifier`, `ModifyTime`) VALUES ('641845376344788992', 'manage', '经理', 'e10adc3949ba59abbe56e057f20f883e', NULL, NULL, NULL, '476955894287044608', '476965408843370496', 1, '1', '2022-01-14 05:51:13', NULL, NULL);
COMMIT;

-- ----------------------------
-- Table structure for t_articles
-- ----------------------------
DROP TABLE IF EXISTS `t_articles`;
CREATE TABLE `t_articles` (
                              `Id` varchar(255) NOT NULL,
                              `Title` varchar(255) DEFAULT NULL,
                              `Name` varchar(255) DEFAULT NULL,
                              `Content` longtext,
                              `Type` char(1) DEFAULT NULL,
                              `Status` char(1) DEFAULT NULL,
                              `Creator` varchar(255) DEFAULT NULL,
                              `CreateTime` datetime DEFAULT NULL,
                              `Modifier` varchar(255) DEFAULT NULL,
                              `ModifyTime` datetime DEFAULT NULL,
                              PRIMARY KEY (`Id`)
) ENGINE=InnoDB DEFAULT CHARSET=utf8mb4 COLLATE=utf8mb4_0900_ai_ci COMMENT='文章';

-- ----------------------------
-- Records of t_articles
-- ----------------------------
BEGIN;
INSERT INTO `t_articles` (`Id`, `Title`, `Name`, `Content`, `Type`, `Status`, `Creator`, `CreateTime`, `Modifier`, `ModifyTime`) VALUES ('639322374625431552', '测试', '测试', '<p><u>成都市</u>，<strong>测试。</strong></p>', '1', '1', '1', '2022-01-07 06:45:42', '1', '2022-01-07 07:09:03');
INSERT INTO `t_articles` (`Id`, `Title`, `Name`, `Content`, `Type`, `Status`, `Creator`, `CreateTime`, `Modifier`, `ModifyTime`) VALUES ('639329557660438528', '系统更新', '管理员', '<h2>🚀 ✈️ 🚕 🚲 ⚡ 🐞 🚢 🐅 🐘 🦁 🦒</h2><h3>✈️️ v1.0.0.220106</h3><ul><li>增加全文检索功能（待完善）</li></ul><h3>🚀 v1.0.0.211231</h3><ul><li>代码结构优化</li></ul><h3>✈️ V1.0.0.210412</h3><ul><li>新增个人主页</li></ul><h3>✈️ V1.0.0.210408</h3><ul><li>代码优化</li></ul><h3>✈️ V1.0.0.210318</h3><ul><li>增加用户导入导出功能</li></ul><h3>✈️ V1.0.0.210226</h3><ul><li>新增config模块，将除系统模块下的配置移至此模块</li></ul><h3>✈️ V1.0.0.210129</h3><ul><li>代码目录调整</li><li>去除无用包</li></ul><h3>✈️ V1.0.0.210127</h3><ul><li>实体代码目录调整</li></ul><h3>✈️ V1.0.0.210106</h3><ul><li>代码拆分</li><li>BaseResult改名为AjaxResult</li><li>优化代码</li></ul><h3>✈️ V1.0.0.201218</h3><ul><li>修复Bug.1.0.0.201217</li><li>优化代码</li></ul><h3>✈️ V1.0.0.201217</h3><ul><li>整合knife4j</li></ul><h3>🐞 Bug.1.0.0.201217</h3><ul><li>菜单新增报用户登录过期（未解决）</li></ul><h3>✈️ V1.0.0.201119</h3><ul><li>代码生成移至ares-generator模块</li><li>优化代码</li></ul><h3>✈️ v1.0.0.201111</h3><ul><li>整合elasticsearch</li><li>优化代码</li></ul><h3>✈️ v1.0.0.201106</h3><ul><li>增加消息已读机制</li><li>代码优化</li><li>前端优化</li><li>新增了一些🐞</li></ul><h3>✈️ v1.0.0.201105</h3><ul><li>代码优化</li></ul><h3>✈️ v1.0.0.201030</h3><ul><li>增加登录验证码</li><li>代码优化</li></ul><h3>✈️ v1.0.0.201027</h3><ul><li>增加慢sql日志记录</li><li>优化代码</li></ul><h3>✈️ v1.0.0.201020</h3><ul><li>新增新系统模块，采用spring-security作为安全框架</li><li>其他优化</li><li>。。。。。</li></ul><h3>✈️ v1.0.0.201016</h3><ul><li>增加部门和岗位</li><li>菜单更新</li><li>用户信息更新</li><li>升级boot版本至2.3.4</li><li>。。。。。</li></ul><h3>🐞 v1.0.0.101013</h3><ul><li>头像上传功能优化</li></ul><h3>✈️ v1.0.0.201012</h3><ul><li>增加rocketmq</li></ul><h3>🚕 v1.0.0.200923</h3><ul><li>增加sys_dict_type、sys_dict_data、sys_notice表 </li><li> 新增字典功能 </li><li> 新增通知公告功能 </li><li> 菜单更新 </li><li> 其他优化修改...</li></ul><h3>✈️ v1.0.0.200917</h3><ul><li>增加spring-boot-admin监控模块</li></ul><h3>⚡ V1.0.0.200915</h3><ul><li>rebbitMq功能完善</li></ul><h3>✈️ V1.0.0.200827</h3><ul><li>增加activiti模块（待开发-时间不定）</li></ul><h3>✈️ V1.0.0.200805</h3><ul><li>增加message、neo4j模块（待开发-时间不定）</li></ul><h3>🚀 V1.0.0.200731</h3><ul><li>初始版本</li></ul>', '1', '1', '1', '2022-01-07 07:14:15', '1', '2022-01-10 05:39:01');
COMMIT;

SET FOREIGN_KEY_CHECKS = 1;

-- ----------------------------
-- Table structure for sys_login_info
-- ----------------------------
DROP TABLE IF EXISTS `sys_login_info`;
CREATE TABLE `sys_login_info` (
                                  `Id` varchar(255) NOT NULL,
                                  `user_name` varchar(255) DEFAULT NULL,
                                  `ip_addr` varchar(255) DEFAULT NULL,
                                  `login_location` varchar(255) DEFAULT NULL,
                                  `browser` varchar(255) DEFAULT NULL,
                                  `os` varchar(255) DEFAULT NULL,
                                  `status` varchar(1) DEFAULT NULL,
                                  `msg` varchar(255) DEFAULT NULL,
                                  `login_time` datetime DEFAULT NULL,
                                  `creator` varchar(255) DEFAULT NULL,
                                  `create_time` datetime DEFAULT NULL,
                                  `modifier` varchar(255) DEFAULT NULL,
                                  `modify_time` datetime DEFAULT NULL,
                                  PRIMARY KEY (`Id`)
) ENGINE=InnoDB DEFAULT CHARSET=utf8mb4 COLLATE=utf8mb4_0900_ai_ci;

SET FOREIGN_KEY_CHECKS = 1;


INSERT INTO `sys_menu` (`Id`, `Name`, `Description`, `Path`, `Url`, `IsBlank`, `PId`, `Icon`, `Order`, `Visible`, `Perms`, `Type`, `Creator`, `CreateTime`, `Modifier`, `ModifyTime`) VALUES ('841514856120193024', '报表', NULL, 'report', '/tool/report/index', NULL, '383838051287306240', 'dashboard', 9, 0, '#', 1, '1', '2023-07-19 05:26:27', NULL, NULL);
